minute_bucket,total_events,fraud_count,suspicious_count,safe_count,avg_risk_score,max_risk_score,avg_volume_spike,total_volume,fraud_rate_pct,hour_of_day,day_of_week
2026-08-30 23:29:00,10,2,5,3,0.178,0.8138,12.14,673000.72,20.0,23,7
2026-08-30 23:19:00,15,0,4,11,0.1181,0.7731,11.36,414621.03,0.0,23,7
2026-08-30 23:09:00,15,1,2,12,0.1228,0.889,2.87,735291.43,6.67,23,7
2026-08-30 22:59:00,16,0,3,13,0.1405,0.9006,7.63,569877.28,0.0,22,7
2026-08-30 22:49:00,14,2,1,11,0.1382,0.76,6.58,313888.97,14.29,22,7
2026-08-30 22:39:00,7,1,4,2,0.1623,0.7909,11.62,514848.91,14.29,22,7
2026-08-30 22:29:00,11,0,2,9,0.1627,0.7555,12.02,435842.75,0.0,22,7
2026-08-30 22:19:00,16,1,1,14,0.1481,0.8678,11.77,507382.44,6.25,22,7
2026-08-30 22:09:00,13,0,3,10,0.1174,0.8296,6.89,401129.17,0.0,22,7
2026-08-30 21:59:00,5,0,2,3,0.2055,0.7837,7.28,136860.59,0.0,21,7
2026-08-30 21:49:00,14,2,4,8,0.1194,0.9083,9.31,664917.99,14.29,21,7
2026-08-30 21:39:00,6,0,4,2,0.1122,0.759,7.29,346737.83,0.0,21,7
2026-08-30 21:29:00,9,2,5,2,0.1932,0.8261,11.95,282734.27,22.22,21,7
2026-08-30 21:19:00,12,1,5,6,0.211,0.7895,1.33,398077.65,8.33,21,7
2026-08-30 21:09:00,19,0,5,14,0.2048,0.9297,11.22,764757.31,0.0,21,7
2026-08-30 20:59:00,35,2,3,30,0.1881,0.9088,5.17,125573.33,5.71,20,7
2026-08-30 20:49:00,44,3,4,37,0.1167,0.9748,3.62,148206.35,6.82,20,7
2026-08-30 20:39:00,48,2,5,41,0.1051,0.8939,11.03,207147.73,4.17,20,7
2026-08-30 20:29:00,26,2,2,22,0.1888,0.9832,6.66,165118.0,7.69,20,7
2026-08-30 20:19:00,15,7,1,7,0.0985,0.9126,2.23,455063.95,46.67,20,7
2026-08-30 20:09:00,52,3,4,45,0.1614,0.7979,10.21,622325.7,5.77,20,7
2026-08-30 19:59:00,44,2,5,37,0.0973,0.9726,5.45,290758.95,4.55,19,7
2026-08-30 19:49:00,20,2,3,15,0.1728,0.9793,4.15,789846.74,10.0,19,7
2026-08-30 19:39:00,15,4,3,8,0.1688,0.7754,2.44,385291.46,26.67,19,7
2026-08-30 19:29:00,15,5,5,5,0.1634,0.9739,10.21,423905.28,33.33,19,7
2026-08-30 19:19:00,46,5,5,36,0.0953,0.9491,10.12,236112.59,10.87,19,7
2026-08-30 19:09:00,28,2,3,23,0.1648,0.9583,7.86,380057.26,7.14,19,7
2026-08-30 18:59:00,29,2,5,22,0.1713,0.9582,6.11,248271.65,6.9,18,7
2026-08-30 18:49:00,25,4,2,19,0.1844,0.946,2.03,103247.09,16.0,18,7
2026-08-30 18:39:00,38,4,2,32,0.1955,0.8245,2.48,786776.38,10.53,18,7
2026-08-30 18:29:00,38,2,1,35,0.1199,0.7869,2.15,66918.41,5.26,18,7
2026-08-30 18:19:00,17,6,1,10,0.0875,0.8919,8.76,364904.37,35.29,18,7
2026-08-30 18:09:00,48,3,2,43,0.1506,0.96,10.76,84780.05,6.25,18,7
2026-08-30 17:59:00,22,4,5,13,0.1149,0.8871,5.67,89403.3,18.18,17,7
2026-08-30 17:49:00,15,3,2,10,0.1533,0.7744,10.55,91569.49,20.0,17,7
2026-08-30 17:39:00,51,4,4,43,0.1981,0.9666,12.26,691620.7,7.84,17,7
2026-08-30 17:29:00,38,2,4,32,0.1699,0.937,2.37,478854.43,5.26,17,7
2026-08-30 17:19:00,35,3,5,27,0.1448,0.8424,8.28,263170.65,8.57,17,7
2026-08-30 17:09:00,17,7,1,9,0.1469,0.8501,3.52,344009.45,41.18,17,7
2026-08-30 16:59:00,29,5,4,20,0.1331,0.9146,4.27,809086.34,17.24,16,7
2026-08-30 16:49:00,41,3,5,33,0.1473,0.8288,7.06,728848.39,7.32,16,7
2026-08-30 16:39:00,41,4,2,35,0.1546,0.9019,4.17,637914.53,9.76,16,7
2026-08-30 16:29:00,16,6,2,8,0.1773,0.9566,2.35,541503.79,37.5,16,7
2026-08-30 16:19:00,18,5,4,9,0.0918,0.9746,2.41,817104.2,27.78,16,7
2026-08-30 16:09:00,21,6,5,10,0.1631,0.9378,10.1,806821.65,28.57,16,7
2026-08-30 15:59:00,25,2,4,19,0.0933,0.8979,2.8,501960.49,8.0,15,7
2026-08-30 15:49:00,15,5,3,7,0.1452,0.8754,9.74,689395.77,33.33,15,7
2026-08-30 15:39:00,34,5,2,27,0.2104,0.7787,2.17,120167.21,14.71,15,7
2026-08-30 15:29:00,34,5,4,25,0.1386,0.9358,8.65,316910.21,14.71,15,7
2026-08-30 15:19:00,50,6,5,39,0.1179,0.8374,4.48,176089.32,12.0,15,7
2026-08-30 15:09:00,53,6,1,46,0.2111,0.8551,5.28,633748.57,11.32,15,7
2026-08-30 14:59:00,37,3,5,29,0.1892,0.865,5.2,839305.24,8.11,14,7
2026-08-30 14:49:00,15,7,4,4,0.2132,0.7784,10.75,559659.11,46.67,14,7
2026-08-30 14:39:00,19,2,3,14,0.1761,0.753,6.12,710319.61,10.53,14,7
2026-08-30 14:29:00,32,5,2,25,0.1442,0.8562,4.33,784753.52,15.62,14,7
2026-08-30 14:19:00,46,6,3,37,0.2196,0.961,4.12,719517.26,13.04,14,7
2026-08-30 14:09:00,16,2,1,13,0.2199,0.9098,8.41,122352.58,12.5,14,7
2026-08-30 13:59:00,50,6,5,39,0.1137,0.7843,9.89,208563.38,12.0,13,7
2026-08-30 13:49:00,15,2,5,8,0.1719,0.7587,0.86,91326.33,13.33,13,7
2026-08-30 13:39:00,39,6,5,28,0.1134,0.9539,1.47,690771.08,15.38,13,7
2026-08-30 13:29:00,53,6,5,42,0.1881,0.9175,10.6,82121.04,11.32,13,7
2026-08-30 13:19:00,23,4,1,18,0.1506,0.9288,8.17,730904.88,17.39,13,7
2026-08-30 13:09:00,32,2,1,29,0.1828,0.7963,3.97,617923.76,6.25,13,7
2026-08-30 12:59:00,54,5,4,45,0.0876,0.8979,1.3,757316.57,9.26,12,7
2026-08-30 12:49:00,33,5,4,24,0.1042,0.772,2.95,834021.74,15.15,12,7
2026-08-30 12:39:00,33,5,3,25,0.1691,0.8874,2.5,806819.56,15.15,12,7
2026-08-30 12:29:00,36,6,2,28,0.1609,0.9179,8.4,802475.53,16.67,12,7
2026-08-30 12:19:00,20,2,3,15,0.1366,0.8638,2.19,157275.69,10.0,12,7
2026-08-30 12:09:00,52,5,2,45,0.1227,0.8527,7.95,557703.29,9.62,12,7
2026-08-30 11:59:00,31,7,1,23,0.1105,0.8912,4.51,78847.87,22.58,11,7
2026-08-30 11:49:00,26,4,3,19,0.1464,0.8041,7.5,502617.52,15.38,11,7
2026-08-30 11:39:00,43,5,3,35,0.1713,0.8259,10.01,489315.51,11.63,11,7
2026-08-30 11:29:00,22,5,3,14,0.1676,0.8366,6.8,639364.55,22.73,11,7
2026-08-30 11:19:00,50,5,1,44,0.1505,0.8749,10.16,301560.55,10.0,11,7
2026-08-30 11:09:00,35,7,5,23,0.1492,0.7778,1.64,723594.57,20.0,11,7
2026-08-30 10:59:00,17,6,1,10,0.1268,0.7915,4.47,644154.05,35.29,10,7
2026-08-30 10:49:00,51,3,1,47,0.1958,0.9556,5.16,172890.32,5.88,10,7
2026-08-30 10:39:00,39,3,4,32,0.1311,0.98,12.45,667683.91,7.69,10,7
2026-08-30 10:29:00,31,2,2,27,0.1763,0.9193,5.34,562710.91,6.45,10,7
2026-08-30 10:19:00,15,4,4,7,0.1535,0.7893,2.74,719043.43,26.67,10,7
2026-08-30 10:09:00,51,3,5,43,0.1578,0.9514,12.39,163276.71,5.88,10,7
2026-08-30 09:59:00,32,5,5,22,0.0912,0.9313,5.88,425461.55,15.62,9,7
2026-08-30 09:49:00,51,4,1,46,0.1053,0.9677,1.32,236281.83,7.84,9,7
2026-08-30 09:39:00,26,3,1,22,0.1621,0.8684,1.78,244933.96,11.54,9,7
2026-08-30 09:29:00,48,4,5,39,0.1693,0.9058,8.64,660322.42,8.33,9,7
2026-08-30 09:19:00,17,5,4,8,0.1555,0.8312,10.68,436058.01,29.41,9,7
2026-08-30 09:09:00,36,4,4,28,0.1993,0.8711,11.44,519699.15,11.11,9,7
2026-08-30 08:59:00,49,2,2,45,0.1498,0.8775,2.03,368842.01,4.08,8,7
2026-08-30 08:49:00,54,4,5,45,0.1683,0.7926,4.76,203282.41,7.41,8,7
2026-08-30 08:39:00,15,3,4,8,0.1427,0.8238,7.8,55851.57,20.0,8,7
2026-08-30 08:29:00,31,7,2,22,0.1784,0.9021,12.29,546286.17,22.58,8,7
2026-08-30 08:19:00,34,7,5,22,0.2065,0.923,12.07,675604.14,20.59,8,7
2026-08-30 08:09:00,33,6,5,22,0.096,0.9258,5.95,492483.04,18.18,8,7
2026-08-30 07:59:00,14,2,3,9,0.2178,0.8192,9.38,649986.83,14.29,7,7
2026-08-30 07:49:00,14,2,2,10,0.0973,0.7598,9.89,441759.79,14.29,7,7
2026-08-30 07:39:00,19,2,5,12,0.2169,0.8488,10.09,117855.42,10.53,7,7
2026-08-30 07:29:00,8,1,3,4,0.1923,0.9719,10.42,79576.58,12.5,7,7
2026-08-30 07:19:00,10,0,5,5,0.0953,0.9121,9.15,668976.55,0.0,7,7
2026-08-30 07:09:00,5,0,5,0,0.1835,0.9422,1.37,237628.12,0.0,7,7
2026-08-30 06:59:00,14,0,2,12,0.0806,0.8735,8.72,73685.83,0.0,6,7
2026-08-30 06:49:00,16,2,3,11,0.2054,0.9112,3.58,732224.9,12.5,6,7
2026-08-30 06:39:00,10,1,4,5,0.1219,0.8917,5.44,269860.04,10.0,6,7
2026-08-30 06:29:00,13,2,5,6,0.1063,0.7704,4.8,624111.32,15.38,6,7
2026-08-30 06:19:00,17,1,3,13,0.1215,0.8479,2.4,509897.54,5.88,6,7
2026-08-30 06:09:00,7,2,5,0,0.1781,0.8929,5.39,782239.01,28.57,6,7
2026-08-30 05:59:00,12,0,2,10,0.1312,0.7661,3.16,64135.02,0.0,5,7
2026-08-30 05:49:00,9,0,3,6,0.1688,0.8324,5.72,817367.42,0.0,5,7
2026-08-30 05:39:00,16,2,3,11,0.1198,0.9653,3.55,310274.18,12.5,5,7
2026-08-30 05:29:00,18,1,5,12,0.1541,0.9282,7.71,572751.37,5.56,5,7
2026-08-30 05:19:00,9,0,5,4,0.1251,0.7873,11.03,276597.55,0.0,5,7
2026-08-30 05:09:00,5,0,3,2,0.1909,0.9381,5.93,431005.85,0.0,5,7
2026-08-30 04:59:00,19,2,3,14,0.194,0.9666,10.01,198143.48,10.53,4,7
2026-08-30 04:49:00,7,2,3,2,0.0943,0.9067,11.98,460185.65,28.57,4,7
2026-08-30 04:39:00,11,2,1,8,0.2144,0.7747,1.28,246853.29,18.18,4,7
2026-08-30 04:29:00,13,0,1,12,0.1437,0.8739,4.46,90768.39,0.0,4,7
2026-08-30 04:19:00,6,2,4,0,0.0885,0.9176,3.22,291657.26,33.33,4,7
2026-08-30 04:09:00,12,1,2,9,0.1383,0.7504,2.11,740211.65,8.33,4,7
2026-08-30 03:59:00,5,0,1,4,0.1485,0.8299,5.85,674464.91,0.0,3,7
2026-08-30 03:49:00,12,1,5,6,0.1164,0.8274,3.64,433890.72,8.33,3,7
2026-08-30 03:39:00,15,2,2,11,0.1263,0.9733,1.37,418615.68,13.33,3,7
2026-08-30 03:29:00,17,0,4,13,0.1011,0.7614,2.42,785058.55,0.0,3,7
2026-08-30 03:19:00,5,0,5,0,0.0844,0.7766,8.06,243311.13,0.0,3,7
2026-08-30 03:09:00,6,0,3,3,0.1626,0.9539,0.86,732695.57,0.0,3,7
2026-08-30 02:59:00,14,1,3,10,0.1882,0.9553,3.77,785034.94,7.14,2,7
2026-08-30 02:49:00,13,0,3,10,0.1645,0.9863,5.03,700527.48,0.0,2,7
2026-08-30 02:39:00,9,0,3,6,0.1641,0.8019,5.64,304108.51,0.0,2,7
2026-08-30 02:29:00,17,2,1,14,0.0842,0.8332,1.02,182390.21,11.76,2,7
2026-08-30 02:19:00,15,1,5,9,0.1834,0.8261,11.21,525064.44,6.67,2,7
2026-08-30 02:09:00,8,2,1,5,0.1001,0.9163,2.82,455834.16,25.0,2,7
2026-08-30 01:59:00,19,0,2,17,0.0823,0.9883,7.64,151527.98,0.0,1,7
2026-08-30 01:49:00,13,0,5,8,0.2033,0.8787,8.07,268549.75,0.0,1,7
2026-08-30 01:39:00,5,2,3,0,0.1213,0.9093,10.58,64528.44,40.0,1,7
2026-08-30 01:29:00,5,1,3,1,0.1124,0.9597,3.77,538616.11,20.0,1,7
2026-08-30 01:19:00,13,0,3,10,0.1749,0.9242,7.43,656737.79,0.0,1,7
2026-08-30 01:09:00,15,1,5,9,0.1387,0.8735,0.95,686822.85,6.67,1,7
2026-08-30 00:59:00,12,1,3,8,0.0932,0.9635,5.42,596065.28,8.33,0,7
2026-08-30 00:49:00,12,1,1,10,0.2146,0.7928,3.13,737186.29,8.33,0,7
2026-08-30 00:39:00,18,2,2,14,0.1458,0.926,11.08,353242.16,11.11,0,7
2026-08-30 00:29:00,11,0,3,8,0.1838,0.9255,9.96,505947.05,0.0,0,7
2026-08-30 00:19:00,6,1,4,1,0.2012,0.9415,1.97,213517.89,16.67,0,7
2026-08-30 00:09:00,11,2,4,5,0.0832,0.985,5.21,625450.03,18.18,0,7
2026-08-29 23:59:00,18,2,4,12,0.1247,0.8961,7.6,377311.98,11.11,23,6
2026-08-29 23:49:00,5,1,4,0,0.211,0.8622,3.1,351764.79,20.0,23,6
2026-08-29 23:39:00,10,1,4,5,0.1028,0.9143,4.77,813918.71,10.0,23,6
2026-08-29 23:29:00,15,0,2,13,0.0938,0.9308,11.11,272490.69,0.0,23,6
2026-08-29 23:19:00,8,1,5,2,0.1531,0.8624,3.84,86138.49,12.5,23,6
2026-08-29 23:09:00,5,0,3,2,0.2143,0.9066,6.6,138553.66,0.0,23,6
2026-08-29 22:59:00,8,0,1,7,0.1871,0.9604,11.35,837654.89,0.0,22,6
2026-08-29 22:49:00,14,0,5,9,0.2134,0.7672,2.41,293573.22,0.0,22,6
2026-08-29 22:39:00,13,0,3,10,0.1984,0.898,7.15,182249.06,0.0,22,6
2026-08-29 22:29:00,6,0,2,4,0.1024,0.9545,7.64,638103.54,0.0,22,6
2026-08-29 22:19:00,9,2,5,2,0.1367,0.9324,9.84,215450.82,22.22,22,6
2026-08-29 22:09:00,14,1,5,8,0.0969,0.9651,1.97,261631.85,7.14,22,6
2026-08-29 21:59:00,17,0,4,13,0.1379,0.858,3.67,618196.16,0.0,21,6
2026-08-29 21:49:00,7,0,5,2,0.2024,0.8314,7.01,248725.12,0.0,21,6
2026-08-29 21:39:00,8,0,2,6,0.2116,0.9631,9.9,464129.22,0.0,21,6
2026-08-29 21:29:00,9,0,3,6,0.1542,0.8788,5.88,155403.87,0.0,21,6
2026-08-29 21:19:00,6,1,1,4,0.1475,0.9788,2.71,493533.24,16.67,21,6
2026-08-29 21:09:00,19,2,2,15,0.1154,0.7572,2.19,783478.73,10.53,21,6
2026-08-29 20:59:00,27,2,5,20,0.1451,0.8461,7.02,199791.16,7.41,20,6
2026-08-29 20:49:00,48,5,5,38,0.1946,0.928,6.28,172301.7,10.42,20,6
2026-08-29 20:39:00,51,6,4,41,0.087,0.8322,10.1,548167.0,11.76,20,6
2026-08-29 20:29:00,17,4,4,9,0.1911,0.8009,11.61,400391.68,23.53,20,6
2026-08-29 20:19:00,40,3,4,33,0.2191,0.8174,1.53,416609.63,7.5,20,6
2026-08-29 20:09:00,46,2,1,43,0.1013,0.9017,5.4,787481.96,4.35,20,6
2026-08-29 19:59:00,27,5,3,19,0.1446,0.9084,7.82,428227.18,18.52,19,6
2026-08-29 19:49:00,39,6,5,28,0.128,0.7925,8.73,726806.05,15.38,19,6
2026-08-29 19:39:00,16,5,5,6,0.2049,0.9299,12.4,475131.05,31.25,19,6
2026-08-29 19:29:00,45,4,4,37,0.1223,0.9774,5.09,640808.57,8.89,19,6
2026-08-29 19:19:00,31,4,5,22,0.1808,0.8721,11.41,385440.79,12.9,19,6
2026-08-29 19:09:00,22,5,4,13,0.1279,0.848,5.95,150645.61,22.73,19,6
2026-08-29 18:59:00,18,6,2,10,0.1718,0.9091,1.03,311237.47,33.33,18,6
2026-08-29 18:49:00,47,6,1,40,0.1889,0.9566,3.69,584279.33,12.77,18,6
2026-08-29 18:39:00,20,3,5,12,0.0994,0.818,8.69,778261.53,15.0,18,6
2026-08-29 18:29:00,44,3,2,39,0.1559,0.9183,11.95,538048.39,6.82,18,6
2026-08-29 18:19:00,25,6,2,17,0.1249,0.9843,5.48,598342.18,24.0,18,6
2026-08-29 18:09:00,36,5,1,30,0.136,0.96,7.94,405154.31,13.89,18,6
2026-08-29 17:59:00,52,3,5,44,0.1251,0.8807,6.53,555762.0,5.77,17,6
2026-08-29 17:49:00,47,7,2,38,0.1142,0.969,11.61,724658.31,14.89,17,6
2026-08-29 17:39:00,54,7,1,46,0.1871,0.933,6.42,415161.76,12.96,17,6
2026-08-29 17:29:00,42,6,2,34,0.1703,0.8194,3.82,518769.1,14.29,17,6
2026-08-29 17:19:00,31,4,2,25,0.1942,0.9565,2.76,56005.63,12.9,17,6
2026-08-29 17:09:00,16,3,2,11,0.1917,0.9514,2.42,669468.72,18.75,17,6
2026-08-29 16:59:00,19,5,1,13,0.2198,0.7962,2.6,388240.27,26.32,16,6
2026-08-29 16:49:00,31,4,4,23,0.2106,0.9854,1.61,160398.01,12.9,16,6
2026-08-29 16:39:00,46,5,2,39,0.2039,0.9092,2.11,716023.43,10.87,16,6
2026-08-29 16:29:00,38,3,1,34,0.1393,0.8825,6.66,598930.33,7.89,16,6
2026-08-29 16:19:00,41,6,1,34,0.2199,0.874,1.91,632274.64,14.63,16,6
2026-08-29 16:09:00,19,7,5,7,0.1246,0.8607,5.77,91135.32,36.84,16,6
2026-08-29 15:59:00,41,4,4,33,0.1902,0.9497,10.41,383332.8,9.76,15,6
2026-08-29 15:49:00,30,4,2,24,0.1848,0.9423,6.55,764424.82,13.33,15,6
2026-08-29 15:39:00,20,3,3,14,0.0935,0.7868,7.05,104014.78,15.0,15,6
2026-08-29 15:29:00,35,7,1,27,0.0801,0.8547,9.86,77870.68,20.0,15,6
2026-08-29 15:19:00,41,4,4,33,0.1035,0.7852,10.87,708499.69,9.76,15,6
2026-08-29 15:09:00,37,6,3,28,0.1947,0.7723,5.42,640238.04,16.22,15,6
2026-08-29 14:59:00,25,5,2,18,0.1506,0.9301,6.24,344323.47,20.0,14,6
2026-08-29 14:49:00,31,6,2,23,0.1092,0.9304,2.19,118785.88,19.35,14,6
2026-08-29 14:39:00,22,4,1,17,0.1952,0.8456,12.39,159769.01,18.18,14,6
2026-08-29 14:29:00,54,3,4,47,0.1428,0.8443,11.04,830476.52,5.56,14,6
2026-08-29 14:19:00,49,7,3,39,0.1109,0.9075,4.18,637780.1,14.29,14,6
2026-08-29 14:09:00,15,3,3,9,0.1571,0.9489,9.11,71262.21,20.0,14,6
2026-08-29 13:59:00,16,5,5,6,0.1481,0.8124,5.7,656328.25,31.25,13,6
2026-08-29 13:49:00,19,5,5,9,0.1586,0.8425,3.97,467534.78,26.32,13,6
2026-08-29 13:39:00,27,2,3,22,0.1747,0.7659,0.81,219821.71,7.41,13,6
2026-08-29 13:29:00,38,5,5,28,0.1705,0.7913,11.22,425964.75,13.16,13,6
2026-08-29 13:19:00,34,6,5,23,0.0883,0.8016,7.65,206389.21,17.65,13,6
2026-08-29 13:09:00,27,7,4,16,0.11,0.7738,3.22,388187.23,25.93,13,6
2026-08-29 12:59:00,22,5,1,16,0.2004,0.8269,5.02,94216.33,22.73,12,6
2026-08-29 12:49:00,36,2,2,32,0.1171,0.8965,3.2,760692.36,5.56,12,6
2026-08-29 12:39:00,52,2,4,46,0.095,0.7777,8.05,147575.17,3.85,12,6
2026-08-29 12:29:00,22,2,5,15,0.1856,0.9468,6.95,847341.77,9.09,12,6
2026-08-29 12:19:00,16,4,2,10,0.1254,0.9777,7.55,694952.77,25.0,12,6
2026-08-29 12:09:00,51,4,1,46,0.217,0.8697,6.58,826707.78,7.84,12,6
2026-08-29 11:59:00,30,7,5,18,0.1619,0.7807,4.56,204566.66,23.33,11,6
2026-08-29 11:49:00,54,4,1,49,0.2013,0.8914,5.0,376935.5,7.41,11,6
2026-08-29 11:39:00,32,4,5,23,0.2097,0.9739,5.38,313409.97,12.5,11,6
2026-08-29 11:29:00,25,5,3,17,0.1595,0.8608,8.51,493519.22,20.0,11,6
2026-08-29 11:19:00,27,4,5,18,0.133,0.7727,2.74,628491.04,14.81,11,6
2026-08-29 11:09:00,53,4,2,47,0.11,0.885,9.64,255937.89,7.55,11,6
2026-08-29 10:59:00,48,5,5,38,0.1636,0.9105,1.42,806415.91,10.42,10,6
2026-08-29 10:49:00,48,7,2,39,0.2093,0.889,0.85,80833.6,14.58,10,6
2026-08-29 10:39:00,42,7,5,30,0.0837,0.9284,10.77,447133.99,16.67,10,6
2026-08-29 10:29:00,23,5,3,15,0.0808,0.9388,4.67,753010.9,21.74,10,6
2026-08-29 10:19:00,29,7,5,17,0.1178,0.7885,9.87,447272.38,24.14,10,6
2026-08-29 10:09:00,23,5,3,15,0.2152,0.9813,10.81,200087.43,21.74,10,6
2026-08-29 09:59:00,38,7,5,26,0.1324,0.7743,10.29,435410.84,18.42,9,6
2026-08-29 09:49:00,24,7,3,14,0.2175,0.8957,5.77,345987.49,29.17,9,6
2026-08-29 09:39:00,31,2,1,28,0.1913,0.9511,4.13,293037.29,6.45,9,6
2026-08-29 09:29:00,44,2,5,37,0.0834,0.8749,6.23,602101.42,4.55,9,6
2026-08-29 09:19:00,21,5,4,12,0.1327,0.8985,1.27,419381.76,23.81,9,6
2026-08-29 09:09:00,53,6,3,44,0.11,0.7835,3.01,325312.86,11.32,9,6
2026-08-29 08:59:00,18,3,3,12,0.1367,0.9442,12.2,114588.22,16.67,8,6
2026-08-29 08:49:00,38,7,4,27,0.202,0.9022,5.82,394861.09,18.42,8,6
2026-08-29 08:39:00,16,4,2,10,0.2191,0.9801,1.27,614637.6,25.0,8,6
2026-08-29 08:29:00,36,5,2,29,0.2064,0.7608,11.75,719980.6,13.89,8,6
2026-08-29 08:19:00,19,7,2,10,0.1969,0.7874,7.06,782595.89,36.84,8,6
2026-08-29 08:09:00,49,2,3,44,0.1356,0.8568,1.54,825001.86,4.08,8,6
2026-08-29 07:59:00,9,0,4,5,0.12,0.9814,1.9,743842.43,0.0,7,6
2026-08-29 07:49:00,6,0,4,2,0.1962,0.9842,10.65,804705.88,0.0,7,6
2026-08-29 07:39:00,6,1,5,0,0.1564,0.8804,11.32,827443.05,16.67,7,6
2026-08-29 07:29:00,11,2,4,5,0.1476,0.8595,5.32,339279.22,18.18,7,6
2026-08-29 07:19:00,10,0,1,9,0.0908,0.9372,6.02,794547.59,0.0,7,6
2026-08-29 07:09:00,17,0,4,13,0.0849,0.7878,3.21,830588.82,0.0,7,6
2026-08-29 06:59:00,8,2,2,4,0.2111,0.9845,3.57,89294.12,25.0,6,6
2026-08-29 06:49:00,10,1,1,8,0.0889,0.7968,7.45,779959.04,10.0,6,6
2026-08-29 06:39:00,13,0,4,9,0.1083,0.9421,8.03,741309.46,0.0,6,6
2026-08-29 06:29:00,14,1,5,8,0.1287,0.7717,3.44,400273.25,7.14,6,6
2026-08-29 06:19:00,19,1,5,13,0.1879,0.8797,2.94,306587.3,5.26,6,6
2026-08-29 06:09:00,7,1,4,2,0.1742,0.8543,3.48,627525.42,14.29,6,6
2026-08-29 05:59:00,7,2,4,1,0.1063,0.7758,6.62,465639.68,28.57,5,6
2026-08-29 05:49:00,5,2,3,0,0.1411,0.9888,6.49,432357.26,40.0,5,6
2026-08-29 05:39:00,11,2,5,4,0.163,0.8047,8.26,90666.77,18.18,5,6
2026-08-29 05:29:00,13,0,5,8,0.1457,0.9652,6.36,98264.65,0.0,5,6
2026-08-29 05:19:00,17,2,4,11,0.1894,0.8528,8.26,734983.2,11.76,5,6
2026-08-29 05:09:00,16,1,4,11,0.1287,0.909,8.66,818469.57,6.25,5,6
2026-08-29 04:59:00,10,2,3,5,0.1937,0.8714,9.42,417767.57,20.0,4,6
2026-08-29 04:49:00,12,1,2,9,0.1843,0.7815,3.12,551459.99,8.33,4,6
2026-08-29 04:39:00,16,0,2,14,0.1182,0.7766,11.99,173538.47,0.0,4,6
2026-08-29 04:29:00,9,2,1,6,0.1208,0.8771,11.13,658436.82,22.22,4,6
2026-08-29 04:19:00,15,0,5,10,0.1301,0.8648,2.52,268743.76,0.0,4,6
2026-08-29 04:09:00,8,0,2,6,0.0978,0.8821,9.05,105945.31,0.0,4,6
2026-08-29 03:59:00,12,1,2,9,0.1847,0.9456,6.04,706445.67,8.33,3,6
2026-08-29 03:49:00,9,2,2,5,0.1305,0.7923,6.27,363648.02,22.22,3,6
2026-08-29 03:39:00,8,2,5,1,0.1239,0.8155,2.33,401057.36,25.0,3,6
2026-08-29 03:29:00,15,2,2,11,0.1317,0.8066,9.73,794002.68,13.33,3,6
2026-08-29 03:19:00,12,1,4,7,0.2014,0.9897,7.98,761823.57,8.33,3,6
2026-08-29 03:09:00,17,1,5,11,0.1908,0.8606,1.75,62644.44,5.88,3,6
2026-08-29 02:59:00,12,1,3,8,0.137,0.8864,7.26,719290.43,8.33,2,6
2026-08-29 02:49:00,19,1,1,17,0.1115,0.9403,10.72,845859.37,5.26,2,6
2026-08-29 02:39:00,18,2,1,15,0.124,0.8464,3.94,535039.52,11.11,2,6
2026-08-29 02:29:00,14,2,5,7,0.1282,0.8837,4.27,185839.98,14.29,2,6
2026-08-29 02:19:00,7,0,4,3,0.2129,0.8467,10.56,595063.58,0.0,2,6
2026-08-29 02:09:00,15,0,1,14,0.1046,0.9449,3.9,780628.15,0.0,2,6
2026-08-29 01:59:00,7,2,2,3,0.194,0.8065,4.03,821615.11,28.57,1,6
2026-08-29 01:49:00,13,2,2,9,0.1402,0.8538,3.76,670632.87,15.38,1,6
2026-08-29 01:39:00,16,1,3,12,0.1969,0.8011,0.85,506933.89,6.25,1,6
2026-08-29 01:29:00,10,1,5,4,0.0854,0.7999,6.87,697952.59,10.0,1,6
2026-08-29 01:19:00,6,2,1,3,0.1846,0.8392,3.01,206396.66,33.33,1,6
2026-08-29 01:09:00,13,1,3,9,0.1471,0.9568,8.31,602321.56,7.69,1,6
2026-08-29 00:59:00,19,0,1,18,0.1365,0.9716,3.68,633852.2,0.0,0,6
2026-08-29 00:49:00,6,1,4,1,0.0937,0.8624,3.15,198300.22,16.67,0,6
2026-08-29 00:39:00,11,1,2,8,0.1914,0.9678,10.19,262824.7,9.09,0,6
2026-08-29 00:29:00,14,0,2,12,0.1157,0.7824,11.84,371638.24,0.0,0,6
2026-08-29 00:19:00,8,2,3,3,0.1359,0.7584,2.69,561400.27,25.0,0,6
2026-08-29 00:09:00,11,2,4,5,0.1095,0.9702,10.76,728704.6,18.18,0,6
2026-08-28 23:59:00,8,0,3,5,0.2014,0.8234,8.04,657973.51,0.0,23,5
2026-08-28 23:49:00,14,0,1,13,0.1893,0.9752,9.32,402978.2,0.0,23,5
2026-08-28 23:39:00,18,0,1,17,0.1843,0.9469,9.57,280283.9,0.0,23,5
2026-08-28 23:29:00,11,1,1,9,0.1134,0.8707,6.71,516115.48,9.09,23,5
2026-08-28 23:19:00,10,2,5,3,0.2078,0.8092,9.42,592377.48,20.0,23,5
2026-08-28 23:09:00,8,2,3,3,0.1064,0.9409,12.04,627469.07,25.0,23,5
2026-08-28 22:59:00,18,2,1,15,0.1293,0.9032,6.35,839303.0,11.11,22,5
2026-08-28 22:49:00,8,2,1,5,0.1377,0.9601,4.12,680234.28,25.0,22,5
2026-08-28 22:39:00,10,1,4,5,0.2037,0.8223,9.81,319485.24,10.0,22,5
2026-08-28 22:29:00,8,2,4,2,0.1722,0.9491,1.09,226126.31,25.0,22,5
2026-08-28 22:19:00,15,2,2,11,0.1494,0.7633,4.87,742080.19,13.33,22,5
2026-08-28 22:09:00,16,1,1,14,0.1355,0.9768,1.4,649764.6,6.25,22,5
2026-08-28 21:59:00,8,1,3,4,0.1844,0.9626,3.33,475034.2,12.5,21,5
2026-08-28 21:49:00,11,2,4,5,0.1144,0.8054,1.12,816812.24,18.18,21,5
2026-08-28 21:39:00,15,1,1,13,0.1842,0.8776,6.37,409625.79,6.67,21,5
2026-08-28 21:29:00,5,1,4,0,0.1082,0.9631,10.3,329650.89,20.0,21,5
2026-08-28 21:19:00,13,2,1,10,0.2161,0.9667,11.59,315730.44,15.38,21,5
2026-08-28 21:09:00,17,0,1,16,0.1096,0.7716,2.21,107043.63,0.0,21,5
2026-08-28 20:59:00,54,2,1,51,0.0986,0.9485,7.59,669533.76,3.7,20,5
2026-08-28 20:49:00,16,2,4,10,0.2035,0.9032,6.91,620199.76,12.5,20,5
2026-08-28 20:39:00,32,4,4,24,0.1455,0.7907,10.12,258563.03,12.5,20,5
2026-08-28 20:29:00,31,4,1,26,0.1145,0.9521,4.66,598839.9,12.9,20,5
2026-08-28 20:19:00,49,5,5,39,0.1871,0.8238,3.33,601121.16,10.2,20,5
2026-08-28 20:09:00,41,2,5,34,0.1213,0.8865,4.19,493428.47,4.88,20,5
2026-08-28 19:59:00,39,3,3,33,0.1673,0.7824,8.91,589800.29,7.69,19,5
2026-08-28 19:49:00,37,5,4,28,0.0904,0.8572,5.59,119369.19,13.51,19,5
2026-08-28 19:39:00,23,7,2,14,0.184,0.8069,10.51,486638.63,30.43,19,5
2026-08-28 19:29:00,16,4,4,8,0.1462,0.8698,8.05,792376.49,25.0,19,5
2026-08-28 19:19:00,34,7,5,22,0.1643,0.927,1.64,462549.95,20.59,19,5
2026-08-28 19:09:00,41,5,3,33,0.209,0.8684,6.28,819759.99,12.2,19,5
2026-08-28 18:59:00,33,5,3,25,0.1104,0.7728,0.81,395556.53,15.15,18,5
2026-08-28 18:49:00,29,3,4,22,0.1827,0.7577,7.47,173426.5,10.34,18,5
2026-08-28 18:39:00,52,2,5,45,0.1677,0.8283,8.31,379806.88,3.85,18,5
2026-08-28 18:29:00,26,3,4,19,0.1123,0.9674,6.65,654874.52,11.54,18,5
2026-08-28 18:19:00,48,4,2,42,0.1114,0.8189,3.73,260297.07,8.33,18,5
2026-08-28 18:09:00,40,7,3,30,0.2191,0.9877,6.96,561221.77,17.5,18,5
2026-08-28 17:59:00,49,6,3,40,0.1085,0.8769,10.54,292561.66,12.24,17,5
2026-08-28 17:49:00,52,7,3,42,0.218,0.9864,11.4,688758.68,13.46,17,5
2026-08-28 17:39:00,25,7,1,17,0.1566,0.8846,6.71,559336.22,28.0,17,5
2026-08-28 17:29:00,31,3,3,25,0.1849,0.8301,4.67,151780.77,9.68,17,5
2026-08-28 17:19:00,22,4,3,15,0.1425,0.8047,9.68,493184.9,18.18,17,5
2026-08-28 17:09:00,22,7,1,14,0.1243,0.7925,8.47,270024.83,31.82,17,5
2026-08-28 16:59:00,17,6,1,10,0.1614,0.7552,10.73,174317.7,35.29,16,5
2026-08-28 16:49:00,35,2,4,29,0.1423,0.8563,1.64,692201.8,5.71,16,5
2026-08-28 16:39:00,50,5,1,44,0.105,0.9669,7.23,170031.66,10.0,16,5
2026-08-28 16:29:00,50,2,2,46,0.1724,0.924,7.81,812518.7,4.0,16,5
2026-08-28 16:19:00,34,7,3,24,0.1468,0.8363,3.43,86770.6,20.59,16,5
2026-08-28 16:09:00,19,3,2,14,0.1796,0.7544,5.94,565207.52,15.79,16,5
2026-08-28 15:59:00,39,3,4,32,0.1935,0.9208,2.0,430017.96,7.69,15,5
2026-08-28 15:49:00,39,6,4,29,0.1144,0.7602,3.42,413915.52,15.38,15,5
2026-08-28 15:39:00,31,2,1,28,0.1954,0.9722,3.16,793658.33,6.45,15,5
2026-08-28 15:29:00,36,3,1,32,0.2095,0.9785,0.94,660415.44,8.33,15,5
2026-08-28 15:19:00,53,6,1,46,0.2159,0.8821,1.71,729831.36,11.32,15,5
2026-08-28 15:09:00,17,7,4,6,0.1661,0.8501,7.49,172863.82,41.18,15,5
2026-08-28 14:59:00,44,5,4,35,0.1822,0.9538,6.33,457864.29,11.36,14,5
2026-08-28 14:49:00,36,2,2,32,0.2157,0.9259,5.12,189845.91,5.56,14,5
2026-08-28 14:39:00,23,4,4,15,0.212,0.9262,3.32,737648.91,17.39,14,5
2026-08-28 14:29:00,41,4,2,35,0.1992,0.808,8.04,791336.39,9.76,14,5
2026-08-28 14:19:00,25,2,1,22,0.2182,0.7861,1.83,589356.15,8.0,14,5
2026-08-28 14:09:00,49,6,2,41,0.09,0.8641,9.62,278097.92,12.24,14,5
2026-08-28 13:59:00,28,5,1,22,0.1528,0.9523,6.02,812380.13,17.86,13,5
2026-08-28 13:49:00,25,7,4,14,0.0962,0.9624,6.52,163311.17,28.0,13,5
2026-08-28 13:39:00,21,3,1,17,0.0866,0.8188,2.44,402861.94,14.29,13,5
2026-08-28 13:29:00,42,6,3,33,0.1531,0.8171,1.17,541508.89,14.29,13,5
2026-08-28 13:19:00,29,3,2,24,0.0952,0.7533,3.71,415237.86,10.34,13,5
2026-08-28 13:09:00,27,5,2,20,0.1934,0.8407,7.01,524812.47,18.52,13,5
2026-08-28 12:59:00,15,2,4,9,0.1283,0.8511,1.97,676256.45,13.33,12,5
2026-08-28 12:49:00,48,5,5,38,0.0831,0.8943,9.74,277846.07,10.42,12,5
2026-08-28 12:39:00,46,6,3,37,0.2101,0.9854,1.3,405950.21,13.04,12,5
2026-08-28 12:29:00,53,5,3,45,0.1005,0.8307,12.36,62984.37,9.43,12,5
2026-08-28 12:19:00,33,2,1,30,0.1253,0.8652,12.24,429901.47,6.06,12,5
2026-08-28 12:09:00,15,7,1,7,0.0872,0.9769,3.91,453251.13,46.67,12,5
2026-08-28 11:59:00,18,2,3,13,0.2102,0.8706,12.16,257068.51,11.11,11,5
2026-08-28 11:49:00,50,4,3,43,0.2003,0.8576,4.07,734380.29,8.0,11,5
2026-08-28 11:39:00,30,7,2,21,0.2167,0.7948,4.33,74855.68,23.33,11,5
2026-08-28 11:29:00,31,5,2,24,0.108,0.9132,2.92,589850.2,16.13,11,5
2026-08-28 11:19:00,25,4,3,18,0.1288,0.922,6.26,339039.12,16.0,11,5
2026-08-28 11:09:00,19,4,5,10,0.1601,0.8013,11.33,324120.24,21.05,11,5
2026-08-28 10:59:00,16,6,3,7,0.0974,0.8072,9.54,154601.45,37.5,10,5
2026-08-28 10:49:00,26,4,5,17,0.2112,0.8956,9.11,620869.29,15.38,10,5
2026-08-28 10:39:00,54,6,3,45,0.1028,0.8746,7.04,192329.99,11.11,10,5
2026-08-28 10:29:00,32,4,4,24,0.082,0.9726,3.9,81648.17,12.5,10,5
2026-08-28 10:19:00,19,7,4,8,0.1183,0.7579,4.07,204353.39,36.84,10,5
2026-08-28 10:09:00,51,3,2,46,0.1339,0.8314,4.64,121785.02,5.88,10,5
2026-08-28 09:59:00,16,5,2,9,0.1859,0.9878,11.66,453375.48,31.25,9,5
2026-08-28 09:49:00,46,3,3,40,0.124,0.9357,9.75,725417.89,6.52,9,5
2026-08-28 09:39:00,50,4,1,45,0.1874,0.9435,4.41,793393.8,8.0,9,5
2026-08-28 09:29:00,34,4,1,29,0.2192,0.9348,1.89,574983.72,11.76,9,5
2026-08-28 09:19:00,16,2,4,10,0.1919,0.8946,10.83,128306.62,12.5,9,5
2026-08-28 09:09:00,45,6,2,37,0.138,0.7602,6.04,262170.76,13.33,9,5
2026-08-28 08:59:00,30,7,5,18,0.2031,0.8149,11.26,390776.77,23.33,8,5
2026-08-28 08:49:00,45,4,2,39,0.1504,0.8503,3.81,452143.46,8.89,8,5
2026-08-28 08:39:00,21,2,4,15,0.1592,0.8492,10.44,255377.41,9.52,8,5
2026-08-28 08:29:00,41,4,5,32,0.1899,0.9822,10.61,163683.14,9.76,8,5
2026-08-28 08:19:00,36,7,3,26,0.1946,0.8902,3.88,793679.18,19.44,8,5
2026-08-28 08:09:00,52,3,1,48,0.1589,0.923,1.49,528284.83,5.77,8,5
2026-08-28 07:59:00,17,0,1,16,0.1517,0.8121,8.56,144941.89,0.0,7,5
2026-08-28 07:49:00,10,0,5,5,0.2053,0.7946,4.58,520107.98,0.0,7,5
2026-08-28 07:39:00,15,1,3,11,0.1019,0.775,12.5,414281.7,6.67,7,5
2026-08-28 07:29:00,9,1,5,3,0.1475,0.9714,1.83,141215.35,11.11,7,5
2026-08-28 07:19:00,18,1,4,13,0.1241,0.8352,6.09,382929.34,5.56,7,5
2026-08-28 07:09:00,9,2,1,6,0.2058,0.8108,9.05,103724.54,22.22,7,5
2026-08-28 06:59:00,5,1,1,3,0.1275,0.9073,1.9,809881.1,20.0,6,5
2026-08-28 06:49:00,18,1,4,13,0.2027,0.7828,4.55,344675.33,5.56,6,5
2026-08-28 06:39:00,13,2,3,8,0.0885,0.8385,3.78,358737.03,15.38,6,5
2026-08-28 06:29:00,7,0,1,6,0.1167,0.9005,5.34,326306.71,0.0,6,5
2026-08-28 06:19:00,13,2,5,6,0.133,0.891,12.1,467584.09,15.38,6,5
2026-08-28 06:09:00,6,2,5,0,0.1911,0.7641,5.82,608654.73,33.33,6,5
2026-08-28 05:59:00,19,1,5,13,0.093,0.8849,2.28,651215.65,5.26,5,5
2026-08-28 05:49:00,5,1,3,1,0.1813,0.9586,8.16,539951.46,20.0,5,5
2026-08-28 05:39:00,16,1,3,12,0.2017,0.7587,7.31,223015.45,6.25,5,5
2026-08-28 05:29:00,7,2,5,0,0.1708,0.8509,3.0,321218.9,28.57,5,5
2026-08-28 05:19:00,15,2,2,11,0.0931,0.9631,9.74,209835.94,13.33,5,5
2026-08-28 05:09:00,9,0,2,7,0.2161,0.92,7.94,296102.79,0.0,5,5
2026-08-28 04:59:00,9,1,4,4,0.182,0.7604,0.86,633596.07,11.11,4,5
2026-08-28 04:49:00,19,0,5,14,0.1859,0.8632,6.49,398909.14,0.0,4,5
2026-08-28 04:39:00,9,0,4,5,0.1404,0.8936,11.31,846007.53,0.0,4,5
2026-08-28 04:29:00,17,1,1,15,0.1339,0.7934,4.92,279978.41,5.88,4,5
2026-08-28 04:19:00,7,0,1,6,0.1495,0.9706,1.18,103582.41,0.0,4,5
2026-08-28 04:09:00,5,2,3,0,0.0912,0.8131,12.34,217167.69,40.0,4,5
2026-08-28 03:59:00,7,0,1,6,0.1497,0.8893,5.21,711409.89,0.0,3,5
2026-08-28 03:49:00,9,1,1,7,0.14,0.9155,10.96,345657.29,11.11,3,5
2026-08-28 03:39:00,13,1,4,8,0.1038,0.7666,9.32,280447.97,7.69,3,5
2026-08-28 03:29:00,5,0,4,1,0.0893,0.957,10.58,121142.99,0.0,3,5
2026-08-28 03:19:00,5,0,5,0,0.1995,0.8063,7.21,390995.36,0.0,3,5
2026-08-28 03:09:00,9,0,4,5,0.1484,0.8702,12.37,170103.65,0.0,3,5
2026-08-28 02:59:00,17,1,5,11,0.1469,0.9627,8.58,598171.7,5.88,2,5
2026-08-28 02:49:00,16,0,2,14,0.1386,0.838,6.9,419782.34,0.0,2,5
2026-08-28 02:39:00,9,1,4,4,0.1151,0.8376,2.55,747683.44,11.11,2,5
2026-08-28 02:29:00,8,0,4,4,0.0987,0.9165,10.72,240028.54,0.0,2,5
2026-08-28 02:19:00,7,1,3,3,0.0866,0.9329,12.35,85904.26,14.29,2,5
2026-08-28 02:09:00,10,0,4,6,0.0901,0.8921,9.65,337363.52,0.0,2,5
2026-08-28 01:59:00,5,1,2,2,0.2188,0.8118,3.02,149140.71,20.0,1,5
2026-08-28 01:49:00,10,1,3,6,0.1635,0.9401,9.61,764033.2,10.0,1,5
2026-08-28 01:39:00,17,1,2,14,0.1578,0.8214,4.66,795555.5,5.88,1,5
2026-08-28 01:29:00,13,0,4,9,0.2164,0.8501,7.09,439692.34,0.0,1,5
2026-08-28 01:19:00,6,1,2,3,0.1539,0.7662,11.7,149074.95,16.67,1,5
2026-08-28 01:09:00,6,0,1,5,0.1871,0.7733,11.33,630560.78,0.0,1,5
2026-08-28 00:59:00,6,0,1,5,0.1684,0.9318,10.49,624680.45,0.0,0,5
2026-08-28 00:49:00,18,2,3,13,0.1251,0.9173,12.0,520017.42,11.11,0,5
2026-08-28 00:39:00,14,0,3,11,0.1859,0.9894,2.68,211924.22,0.0,0,5
2026-08-28 00:29:00,15,1,3,11,0.1474,0.8872,1.37,373421.17,6.67,0,5
2026-08-28 00:19:00,13,2,4,7,0.172,0.9229,8.31,682194.52,15.38,0,5
2026-08-28 00:09:00,16,1,4,11,0.1553,0.8955,1.98,268525.23,6.25,0,5
2026-08-27 23:59:00,12,2,5,5,0.1751,0.7717,7.73,227390.39,16.67,23,4
2026-08-27 23:49:00,5,2,4,0,0.1958,0.8924,7.72,320873.15,40.0,23,4
2026-08-27 23:39:00,11,2,5,4,0.1813,0.8747,5.11,90303.79,18.18,23,4
2026-08-27 23:29:00,16,2,1,13,0.107,0.8396,11.85,454122.72,12.5,23,4
2026-08-27 23:19:00,8,2,5,1,0.1274,0.9458,5.29,668004.64,25.0,23,4
2026-08-27 23:09:00,17,0,5,12,0.0955,0.8961,12.02,371710.46,0.0,23,4
2026-08-27 22:59:00,5,0,5,0,0.2037,0.8753,7.26,219392.88,0.0,22,4
2026-08-27 22:49:00,16,2,5,9,0.1498,0.7581,8.79,810397.02,12.5,22,4
2026-08-27 22:39:00,17,1,4,12,0.0875,0.9757,11.76,475932.26,5.88,22,4
2026-08-27 22:29:00,16,0,4,12,0.1448,0.8507,2.2,127402.32,0.0,22,4
2026-08-27 22:19:00,8,2,2,4,0.1004,0.8044,7.22,222104.97,25.0,22,4
2026-08-27 22:09:00,10,2,1,7,0.1589,0.8383,8.13,779764.27,20.0,22,4
2026-08-27 21:59:00,7,1,5,1,0.2063,0.949,8.19,546117.33,14.29,21,4
2026-08-27 21:49:00,14,2,4,8,0.1767,0.754,12.01,518483.01,14.29,21,4
2026-08-27 21:39:00,16,0,1,15,0.0817,0.8723,6.73,399591.43,0.0,21,4
2026-08-27 21:29:00,12,1,2,9,0.115,0.8766,5.19,825945.51,8.33,21,4
2026-08-27 21:19:00,7,1,4,2,0.1212,0.8804,6.64,564992.37,14.29,21,4
2026-08-27 21:09:00,16,0,5,11,0.1199,0.9163,1.09,259910.78,0.0,21,4
2026-08-27 20:59:00,33,3,5,25,0.1665,0.9128,9.54,463259.6,9.09,20,4
2026-08-27 20:49:00,42,2,4,36,0.1354,0.7599,1.97,573996.74,4.76,20,4
2026-08-27 20:39:00,54,2,2,50,0.1581,0.9302,10.47,486163.92,3.7,20,4
2026-08-27 20:29:00,21,2,4,15,0.1775,0.9562,2.23,790945.76,9.52,20,4
2026-08-27 20:19:00,16,4,2,10,0.0907,0.7967,0.85,406205.36,25.0,20,4
2026-08-27 20:09:00,49,7,2,40,0.1032,0.8583,5.51,664128.83,14.29,20,4
2026-08-27 19:59:00,50,5,4,41,0.0974,0.8209,11.49,120987.59,10.0,19,4
2026-08-27 19:49:00,29,5,3,21,0.212,0.9782,5.61,583917.51,17.24,19,4
2026-08-27 19:39:00,33,5,4,24,0.0844,0.7846,7.99,236041.81,15.15,19,4
2026-08-27 19:29:00,46,6,4,36,0.1292,0.9628,10.39,444270.24,13.04,19,4
2026-08-27 19:19:00,45,3,1,41,0.1492,0.7974,10.87,708454.09,6.67,19,4
2026-08-27 19:09:00,51,3,5,43,0.2028,0.9803,3.47,795459.43,5.88,19,4
2026-08-27 18:59:00,37,7,1,29,0.1585,0.8322,4.18,243051.47,18.92,18,4
2026-08-27 18:49:00,54,4,1,49,0.1495,0.9631,8.17,466780.51,7.41,18,4
2026-08-27 18:39:00,32,3,2,27,0.1093,0.9475,3.12,623298.21,9.38,18,4
2026-08-27 18:29:00,48,4,4,40,0.1605,0.9571,4.21,755293.78,8.33,18,4
2026-08-27 18:19:00,44,4,5,35,0.173,0.9531,12.42,386130.28,9.09,18,4
2026-08-27 18:09:00,24,6,5,13,0.1842,0.8587,11.65,365540.74,25.0,18,4
2026-08-27 17:59:00,37,4,3,30,0.1116,0.9518,5.44,365267.27,10.81,17,4
2026-08-27 17:49:00,37,2,2,33,0.1488,0.9434,11.27,106091.55,5.41,17,4
2026-08-27 17:39:00,37,6,2,29,0.166,0.8573,5.46,427504.57,16.22,17,4
2026-08-27 17:29:00,27,4,3,20,0.1501,0.8633,10.37,646518.39,14.81,17,4
2026-08-27 17:19:00,28,2,4,22,0.1995,0.7868,7.62,278249.59,7.14,17,4
2026-08-27 17:09:00,46,6,4,36,0.1134,0.9111,3.78,458915.01,13.04,17,4
2026-08-27 16:59:00,52,2,2,48,0.2026,0.9869,11.04,182692.82,3.85,16,4
2026-08-27 16:49:00,47,4,5,38,0.0845,0.8444,10.99,601001.77,8.51,16,4
2026-08-27 16:39:00,36,6,1,29,0.1937,0.9203,6.28,763987.47,16.67,16,4
2026-08-27 16:29:00,27,4,2,21,0.1039,0.9043,12.17,247805.26,14.81,16,4
2026-08-27 16:19:00,24,3,5,16,0.2005,0.8043,6.69,842697.98,12.5,16,4
2026-08-27 16:09:00,31,2,1,28,0.1579,0.8729,10.25,334225.23,6.45,16,4
2026-08-27 15:59:00,31,6,3,22,0.1837,0.9383,2.4,364765.66,19.35,15,4
2026-08-27 15:49:00,35,3,5,27,0.0804,0.8217,7.29,317275.09,8.57,15,4
2026-08-27 15:39:00,25,5,3,17,0.1054,0.8771,9.07,510235.96,20.0,15,4
2026-08-27 15:29:00,54,4,1,49,0.1982,0.792,9.75,338452.09,7.41,15,4
2026-08-27 15:19:00,46,4,1,41,0.1061,0.8693,1.19,230237.87,8.7,15,4
2026-08-27 15:09:00,16,3,4,9,0.1972,0.7694,11.12,688013.76,18.75,15,4
2026-08-27 14:59:00,49,7,3,39,0.1744,0.876,8.44,785287.73,14.29,14,4
2026-08-27 14:49:00,39,6,1,32,0.1242,0.7674,11.85,406212.37,15.38,14,4
2026-08-27 14:39:00,42,2,1,39,0.2187,0.7888,10.15,759938.32,4.76,14,4
2026-08-27 14:29:00,21,7,1,13,0.1856,0.8351,8.39,461238.56,33.33,14,4
2026-08-27 14:19:00,25,2,3,20,0.0964,0.7748,8.26,331128.68,8.0,14,4
2026-08-27 14:09:00,27,2,2,23,0.1769,0.9148,7.11,797966.25,7.41,14,4
2026-08-27 13:59:00,30,4,3,23,0.0905,0.9276,12.36,727278.57,13.33,13,4
2026-08-27 13:49:00,18,7,3,8,0.1677,0.8348,8.75,666316.31,38.89,13,4
2026-08-27 13:39:00,54,4,1,49,0.0886,0.893,2.19,245812.03,7.41,13,4
2026-08-27 13:29:00,40,4,2,34,0.1823,0.7941,2.74,85971.39,10.0,13,4
2026-08-27 13:19:00,49,3,2,44,0.0856,0.7568,7.34,276027.52,6.12,13,4
2026-08-27 13:09:00,45,6,3,36,0.1408,0.9716,4.17,593316.29,13.33,13,4
2026-08-27 12:59:00,17,5,5,7,0.2173,0.9274,6.24,225994.75,29.41,12,4
2026-08-27 12:49:00,48,7,5,36,0.1831,0.8033,6.08,420239.15,14.58,12,4
2026-08-27 12:39:00,48,3,4,41,0.17,0.906,3.96,347369.01,6.25,12,4
2026-08-27 12:29:00,39,6,1,32,0.1902,0.8539,5.93,246285.01,15.38,12,4
2026-08-27 12:19:00,23,6,2,15,0.1126,0.7654,9.78,351175.55,26.09,12,4
2026-08-27 12:09:00,39,5,2,32,0.1404,0.9456,4.55,656428.97,12.82,12,4
2026-08-27 11:59:00,52,3,3,46,0.1404,0.9295,6.16,381541.82,5.77,11,4
2026-08-27 11:49:00,42,5,3,34,0.1245,0.775,5.65,149085.5,11.9,11,4
2026-08-27 11:39:00,31,7,4,20,0.2103,0.7587,8.07,416188.15,22.58,11,4
2026-08-27 11:29:00,15,5,1,9,0.1149,0.7784,3.34,269656.19,33.33,11,4
2026-08-27 11:19:00,31,2,2,27,0.0801,0.7888,1.89,489738.72,6.45,11,4
2026-08-27 11:09:00,27,5,2,20,0.1568,0.8032,1.08,803093.52,18.52,11,4
2026-08-27 10:59:00,19,4,4,11,0.1005,0.9855,8.03,538231.96,21.05,10,4
2026-08-27 10:49:00,36,2,5,29,0.0924,0.9839,3.19,548457.2,5.56,10,4
2026-08-27 10:39:00,31,5,1,25,0.2104,0.7858,12.47,353300.05,16.13,10,4
2026-08-27 10:29:00,41,4,4,33,0.2155,0.7638,11.6,504249.11,9.76,10,4
2026-08-27 10:19:00,43,5,5,33,0.1547,0.9116,6.14,173988.14,11.63,10,4
2026-08-27 10:09:00,47,2,2,43,0.1996,0.7583,9.09,849512.03,4.26,10,4
2026-08-27 09:59:00,15,5,5,5,0.1744,0.7644,7.7,597200.08,33.33,9,4
2026-08-27 09:49:00,31,2,3,26,0.1311,0.9173,7.75,216109.74,6.45,9,4
2026-08-27 09:39:00,37,7,4,26,0.1734,0.8632,4.56,118708.97,18.92,9,4
2026-08-27 09:29:00,51,7,2,42,0.0816,0.9868,3.4,701900.75,13.73,9,4
2026-08-27 09:19:00,21,7,4,10,0.1386,0.8279,10.14,816154.73,33.33,9,4
2026-08-27 09:09:00,40,3,5,32,0.1015,0.9364,2.53,780704.89,7.5,9,4
2026-08-27 08:59:00,35,6,1,28,0.102,0.7528,3.7,781216.05,17.14,8,4
2026-08-27 08:49:00,20,4,4,12,0.2158,0.7742,7.73,255720.38,20.0,8,4
2026-08-27 08:39:00,36,7,2,27,0.1197,0.8877,2.94,425306.75,19.44,8,4
2026-08-27 08:29:00,22,3,4,15,0.0979,0.9733,6.72,705622.38,13.64,8,4
2026-08-27 08:19:00,41,3,4,34,0.1803,0.96,7.98,272573.72,7.32,8,4
2026-08-27 08:09:00,44,6,1,37,0.1649,0.7659,3.62,98565.75,13.64,8,4
2026-08-27 07:59:00,13,2,5,6,0.1655,0.9398,10.42,297634.81,15.38,7,4
2026-08-27 07:49:00,18,0,3,15,0.1588,0.8635,8.46,218069.7,0.0,7,4
2026-08-27 07:39:00,19,2,4,13,0.1961,0.8926,3.66,646540.0,10.53,7,4
2026-08-27 07:29:00,6,0,1,5,0.1884,0.8916,2.1,113604.45,0.0,7,4
2026-08-27 07:19:00,16,2,2,12,0.2045,0.9329,8.97,272884.84,12.5,7,4
2026-08-27 07:09:00,18,0,4,14,0.2127,0.772,4.62,237737.81,0.0,7,4
2026-08-27 06:59:00,10,1,2,7,0.1464,0.887,4.48,163031.41,10.0,6,4
2026-08-27 06:49:00,10,2,2,6,0.2004,0.8946,5.22,681924.79,20.0,6,4
2026-08-27 06:39:00,5,1,2,2,0.1122,0.9865,9.06,544228.75,20.0,6,4
2026-08-27 06:29:00,18,0,1,17,0.1058,0.9025,5.24,789424.31,0.0,6,4
2026-08-27 06:19:00,16,2,3,11,0.1849,0.9841,6.19,564020.71,12.5,6,4
2026-08-27 06:09:00,15,1,5,9,0.1148,0.9628,1.94,568758.54,6.67,6,4
2026-08-27 05:59:00,16,0,4,12,0.1494,0.8982,2.57,222456.57,0.0,5,4
2026-08-27 05:49:00,12,1,2,9,0.1637,0.8561,3.66,756247.47,8.33,5,4
2026-08-27 05:39:00,10,0,1,9,0.1374,0.7937,9.36,408766.61,0.0,5,4
2026-08-27 05:29:00,9,1,1,7,0.215,0.9458,9.27,745273.5,11.11,5,4
2026-08-27 05:19:00,18,0,4,14,0.1655,0.8961,3.93,227561.8,0.0,5,4
2026-08-27 05:09:00,8,1,1,6,0.1723,0.9374,9.7,303020.3,12.5,5,4
2026-08-27 04:59:00,8,2,3,3,0.1566,0.9706,11.04,782846.67,25.0,4,4
2026-08-27 04:49:00,7,1,5,1,0.215,0.8617,1.36,116849.63,14.29,4,4
2026-08-27 04:39:00,10,0,4,6,0.1038,0.9788,3.09,817503.42,0.0,4,4
2026-08-27 04:29:00,15,0,4,11,0.1697,0.9122,4.68,567141.63,0.0,4,4
2026-08-27 04:19:00,7,1,1,5,0.1223,0.8112,9.12,575158.97,14.29,4,4
2026-08-27 04:09:00,5,2,3,0,0.1685,0.7883,8.68,266488.56,40.0,4,4
2026-08-27 03:59:00,9,2,4,3,0.1265,0.8295,6.11,202335.6,22.22,3,4
2026-08-27 03:49:00,15,0,1,14,0.1558,0.7809,8.86,805157.7,0.0,3,4
2026-08-27 03:39:00,11,0,2,9,0.0938,0.7603,9.24,658817.26,0.0,3,4
2026-08-27 03:29:00,13,2,5,6,0.088,0.9365,5.21,292670.11,15.38,3,4
2026-08-27 03:19:00,7,1,3,3,0.0889,0.9485,8.28,638064.36,14.29,3,4
2026-08-27 03:09:00,6,2,4,0,0.2002,0.7941,0.81,528822.79,33.33,3,4
2026-08-27 02:59:00,10,0,5,5,0.1061,0.8296,1.62,95530.56,0.0,2,4
2026-08-27 02:49:00,16,0,5,11,0.1237,0.9857,12.08,164057.03,0.0,2,4
2026-08-27 02:39:00,15,0,1,14,0.1767,0.7731,3.01,111310.93,0.0,2,4
2026-08-27 02:29:00,17,1,4,12,0.2181,0.9113,9.12,837668.03,5.88,2,4
2026-08-27 02:19:00,15,1,2,12,0.2014,0.8375,0.85,455787.34,6.67,2,4
2026-08-27 02:09:00,14,0,5,9,0.116,0.868,2.83,96154.14,0.0,2,4
2026-08-27 01:59:00,6,2,5,0,0.201,0.7844,4.17,206023.57,33.33,1,4
2026-08-27 01:49:00,14,2,1,11,0.1575,0.918,8.38,360442.84,14.29,1,4
2026-08-27 01:39:00,13,0,3,10,0.1016,0.9736,9.71,788191.28,0.0,1,4
2026-08-27 01:29:00,17,0,5,12,0.1709,0.9728,5.68,52893.0,0.0,1,4
2026-08-27 01:19:00,5,0,2,3,0.0933,0.8344,9.0,682519.05,0.0,1,4
2026-08-27 01:09:00,19,0,3,16,0.1005,0.9295,4.95,60394.68,0.0,1,4
2026-08-27 00:59:00,9,2,1,6,0.1184,0.9448,9.69,606441.62,22.22,0,4
2026-08-27 00:49:00,7,0,1,6,0.1931,0.9125,3.08,568475.14,0.0,0,4
2026-08-27 00:39:00,12,1,1,10,0.0957,0.8744,1.97,181402.71,8.33,0,4
2026-08-27 00:29:00,5,1,1,3,0.2136,0.8184,4.96,307664.49,20.0,0,4
2026-08-27 00:19:00,18,1,5,12,0.2087,0.822,2.14,494974.76,5.56,0,4
2026-08-27 00:09:00,9,1,2,6,0.1923,0.9611,6.33,827087.22,11.11,0,4
2026-08-26 23:59:00,13,1,3,9,0.1485,0.759,10.21,131148.04,7.69,23,3
2026-08-26 23:49:00,17,0,2,15,0.1591,0.7603,1.73,606893.09,0.0,23,3
2026-08-26 23:39:00,6,0,1,5,0.1274,0.8047,3.01,660729.03,0.0,23,3
2026-08-26 23:29:00,10,1,5,4,0.0996,0.9803,7.76,563328.32,10.0,23,3
2026-08-26 23:19:00,15,2,3,10,0.1948,0.866,7.04,309061.6,13.33,23,3
2026-08-26 23:09:00,19,2,1,16,0.173,0.7581,4.02,125383.89,10.53,23,3
2026-08-26 22:59:00,7,0,5,2,0.168,0.8511,1.86,396699.13,0.0,22,3
2026-08-26 22:49:00,11,1,2,8,0.1809,0.889,6.55,439585.67,9.09,22,3
2026-08-26 22:39:00,19,0,2,17,0.1496,0.865,1.11,804007.41,0.0,22,3
2026-08-26 22:29:00,12,2,2,8,0.1158,0.9899,9.21,87891.02,16.67,22,3
2026-08-26 22:19:00,5,2,2,1,0.1639,0.7672,11.72,799525.23,40.0,22,3
2026-08-26 22:09:00,12,0,3,9,0.1663,0.8201,1.55,639968.36,0.0,22,3
2026-08-26 21:59:00,6,2,1,3,0.1236,0.753,5.88,616144.73,33.33,21,3
2026-08-26 21:49:00,7,0,5,2,0.1646,0.9532,5.56,729017.67,0.0,21,3
2026-08-26 21:39:00,12,2,3,7,0.2122,0.816,1.11,244139.23,16.67,21,3
2026-08-26 21:29:00,11,0,2,9,0.1292,0.8759,11.13,283870.58,0.0,21,3
2026-08-26 21:19:00,12,2,1,9,0.195,0.7878,2.01,452396.2,16.67,21,3
2026-08-26 21:09:00,11,1,4,6,0.1914,0.8915,9.85,364168.05,9.09,21,3
2026-08-26 20:59:00,16,7,3,6,0.0854,0.8289,6.6,335053.99,43.75,20,3
2026-08-26 20:49:00,37,2,3,32,0.1473,0.9127,8.6,304451.32,5.41,20,3
2026-08-26 20:39:00,28,3,2,23,0.1635,0.8255,4.66,605236.01,10.71,20,3
2026-08-26 20:29:00,28,5,4,19,0.0989,0.8559,11.24,79044.54,17.86,20,3
2026-08-26 20:19:00,49,7,1,41,0.151,0.8518,0.92,782317.55,14.29,20,3
2026-08-26 20:09:00,36,2,3,31,0.2136,0.8188,10.94,787911.66,5.56,20,3
2026-08-26 19:59:00,37,5,3,29,0.1759,0.8818,11.85,401417.65,13.51,19,3
2026-08-26 19:49:00,20,3,2,15,0.0994,0.9177,12.2,72675.02,15.0,19,3
2026-08-26 19:39:00,44,3,5,36,0.0905,0.7764,8.9,568370.7,6.82,19,3
2026-08-26 19:29:00,49,7,1,41,0.1968,0.8756,11.41,752392.7,14.29,19,3
2026-08-26 19:19:00,47,6,3,38,0.1152,0.8714,1.98,577076.92,12.77,19,3
2026-08-26 19:09:00,54,5,1,48,0.1516,0.7631,4.3,235664.37,9.26,19,3
2026-08-26 18:59:00,39,4,1,34,0.088,0.9541,10.87,323815.26,10.26,18,3
2026-08-26 18:49:00,25,6,4,15,0.1364,0.787,6.99,119087.74,24.0,18,3
2026-08-26 18:39:00,50,7,4,39,0.195,0.885,7.32,837685.9,14.0,18,3
2026-08-26 18:29:00,32,7,2,23,0.0906,0.8849,4.65,307871.02,21.88,18,3
2026-08-26 18:19:00,15,4,3,8,0.117,0.7951,1.27,341489.26,26.67,18,3
2026-08-26 18:09:00,19,5,5,9,0.1271,0.913,9.65,312480.65,26.32,18,3
2026-08-26 17:59:00,47,7,1,39,0.1583,0.7502,1.21,842692.68,14.89,17,3
2026-08-26 17:49:00,40,6,4,30,0.2113,0.9666,1.04,683477.83,15.0,17,3
2026-08-26 17:39:00,33,3,3,27,0.0809,0.8192,9.59,684416.63,9.09,17,3
2026-08-26 17:29:00,17,6,4,7,0.1222,0.8245,12.11,401369.74,35.29,17,3
2026-08-26 17:19:00,32,5,4,23,0.1373,0.8826,5.86,711371.94,15.62,17,3
2026-08-26 17:09:00,32,5,5,22,0.2105,0.8854,5.97,614192.05,15.62,17,3
2026-08-26 16:59:00,48,2,5,41,0.178,0.9299,8.71,646906.84,4.17,16,3
2026-08-26 16:49:00,46,5,2,39,0.1498,0.8912,0.83,734770.01,10.87,16,3
2026-08-26 16:39:00,39,5,2,32,0.1943,0.9221,9.67,363633.97,12.82,16,3
2026-08-26 16:29:00,31,2,5,24,0.138,0.8869,0.81,565898.49,6.45,16,3
2026-08-26 16:19:00,43,7,1,35,0.1495,0.9444,8.77,272459.23,16.28,16,3
2026-08-26 16:09:00,35,5,5,25,0.179,0.9871,12.16,785127.78,14.29,16,3
2026-08-26 15:59:00,45,7,5,33,0.1041,0.8804,9.75,466685.73,15.56,15,3
2026-08-26 15:49:00,39,5,5,29,0.0954,0.8414,6.72,395860.24,12.82,15,3
2026-08-26 15:39:00,19,6,5,8,0.1973,0.8663,1.37,63193.01,31.58,15,3
2026-08-26 15:29:00,16,2,3,11,0.103,0.9192,10.11,232637.37,12.5,15,3
2026-08-26 15:19:00,38,6,5,27,0.1225,0.9633,7.17,758710.96,15.79,15,3
2026-08-26 15:09:00,32,2,2,28,0.1262,0.863,6.42,848118.37,6.25,15,3
2026-08-26 14:59:00,19,2,2,15,0.2009,0.8828,4.83,465380.88,10.53,14,3
2026-08-26 14:49:00,26,7,2,17,0.1919,0.8696,11.63,548153.08,26.92,14,3
2026-08-26 14:39:00,35,4,3,28,0.1506,0.9671,2.96,828678.95,11.43,14,3
2026-08-26 14:29:00,27,6,5,16,0.2005,0.8659,10.6,295419.27,22.22,14,3
2026-08-26 14:19:00,45,3,5,37,0.123,0.857,4.57,359613.69,6.67,14,3
2026-08-26 14:09:00,20,2,5,13,0.1159,0.9289,1.66,662591.29,10.0,14,3
2026-08-26 13:59:00,46,5,4,37,0.1811,0.9696,10.17,362357.21,10.87,13,3
2026-08-26 13:49:00,19,4,3,12,0.1891,0.8202,10.21,312456.91,21.05,13,3
2026-08-26 13:39:00,47,3,3,41,0.0862,0.9894,10.97,756278.0,6.38,13,3
2026-08-26 13:29:00,27,2,5,20,0.1414,0.8188,2.32,450967.31,7.41,13,3
2026-08-26 13:19:00,23,7,3,13,0.0806,0.7844,3.68,209165.37,30.43,13,3
2026-08-26 13:09:00,25,7,2,16,0.1718,0.8286,8.0,762206.35,28.0,13,3
2026-08-26 12:59:00,39,7,3,29,0.1312,0.7883,4.55,821426.12,17.95,12,3
2026-08-26 12:49:00,35,6,4,25,0.1189,0.8582,10.58,584754.86,17.14,12,3
2026-08-26 12:39:00,37,4,4,29,0.1741,0.9043,3.02,135110.95,10.81,12,3
2026-08-26 12:29:00,45,7,5,33,0.1638,0.8498,7.69,99449.57,15.56,12,3
2026-08-26 12:19:00,47,5,1,41,0.1926,0.8783,4.04,74167.96,10.64,12,3
2026-08-26 12:09:00,19,3,5,11,0.1047,0.7624,9.64,330034.58,15.79,12,3
2026-08-26 11:59:00,30,3,2,25,0.2003,0.8214,3.26,297399.78,10.0,11,3
2026-08-26 11:49:00,36,3,2,31,0.1245,0.7699,2.65,383642.31,8.33,11,3
2026-08-26 11:39:00,50,6,3,41,0.1098,0.968,11.21,593560.67,12.0,11,3
2026-08-26 11:29:00,30,2,2,26,0.1388,0.8007,2.3,353998.72,6.67,11,3
2026-08-26 11:19:00,38,2,5,31,0.1655,0.8211,4.85,682538.87,5.26,11,3
2026-08-26 11:09:00,46,4,5,37,0.1251,0.8872,4.05,92667.71,8.7,11,3
2026-08-26 10:59:00,44,2,1,41,0.1396,0.8669,2.96,125644.28,4.55,10,3
2026-08-26 10:49:00,38,3,2,33,0.2133,0.8976,5.26,81128.66,7.89,10,3
2026-08-26 10:39:00,39,3,4,32,0.156,0.9305,5.76,289529.2,7.69,10,3
2026-08-26 10:29:00,38,2,1,35,0.0835,0.8532,11.14,245250.22,5.26,10,3
2026-08-26 10:19:00,37,4,5,28,0.0885,0.7867,4.68,586074.54,10.81,10,3
2026-08-26 10:09:00,47,6,3,38,0.1828,0.9582,9.67,843797.77,12.77,10,3
2026-08-26 09:59:00,45,5,5,35,0.1965,0.9253,10.18,797746.58,11.11,9,3
2026-08-26 09:49:00,38,7,3,28,0.1694,0.8736,10.76,395087.68,18.42,9,3
2026-08-26 09:39:00,47,6,4,37,0.2147,0.8097,9.1,655535.6,12.77,9,3
2026-08-26 09:29:00,36,6,5,25,0.207,0.8876,7.58,183832.98,16.67,9,3
2026-08-26 09:19:00,53,6,2,45,0.1815,0.941,5.96,218954.98,11.32,9,3
2026-08-26 09:09:00,33,3,1,29,0.1999,0.8726,1.85,623615.58,9.09,9,3
2026-08-26 08:59:00,25,3,5,17,0.1233,0.7981,1.79,459224.91,12.0,8,3
2026-08-26 08:49:00,45,7,3,35,0.1852,0.8615,4.82,259323.93,15.56,8,3
2026-08-26 08:39:00,26,3,1,22,0.1031,0.9872,4.62,120712.19,11.54,8,3
2026-08-26 08:29:00,27,7,2,18,0.0882,0.9396,6.8,319589.3,25.93,8,3
2026-08-26 08:19:00,41,3,2,36,0.2116,0.9807,8.76,704252.74,7.32,8,3
2026-08-26 08:09:00,33,5,4,24,0.1488,0.9191,1.72,656416.87,15.15,8,3
2026-08-26 07:59:00,19,0,4,15,0.1971,0.9739,3.45,469848.95,0.0,7,3
2026-08-26 07:49:00,15,0,5,10,0.2144,0.7807,4.88,608515.71,0.0,7,3
2026-08-26 07:39:00,8,0,4,4,0.0833,0.7868,7.38,572472.05,0.0,7,3
2026-08-26 07:29:00,13,0,4,9,0.189,0.8497,4.0,62464.56,0.0,7,3
2026-08-26 07:19:00,8,0,1,7,0.1049,0.7548,2.64,582879.64,0.0,7,3
2026-08-26 07:09:00,16,0,4,12,0.211,0.9416,7.44,160045.08,0.0,7,3
2026-08-26 06:59:00,13,2,2,9,0.1403,0.8437,5.81,273860.73,15.38,6,3
2026-08-26 06:49:00,7,0,4,3,0.1977,0.9344,8.14,480675.84,0.0,6,3
2026-08-26 06:39:00,5,1,3,1,0.1563,0.815,4.64,798485.43,20.0,6,3
2026-08-26 06:29:00,14,2,4,8,0.1466,0.899,5.64,426145.82,14.29,6,3
2026-08-26 06:19:00,9,0,1,8,0.176,0.7596,10.1,276383.63,0.0,6,3
2026-08-26 06:09:00,10,1,4,5,0.17,0.9066,7.92,817281.47,10.0,6,3
2026-08-26 05:59:00,12,2,2,8,0.1788,0.8067,4.11,389213.68,16.67,5,3
2026-08-26 05:49:00,12,2,2,8,0.1313,0.8438,7.87,225912.03,16.67,5,3
2026-08-26 05:39:00,17,1,1,15,0.1789,0.7695,6.3,72575.63,5.88,5,3
2026-08-26 05:29:00,18,1,4,13,0.1281,0.9778,4.59,501044.72,5.56,5,3
2026-08-26 05:19:00,8,0,1,7,0.1454,0.839,3.18,139217.08,0.0,5,3
2026-08-26 05:09:00,17,1,1,15,0.2199,0.849,0.82,812343.03,5.88,5,3
2026-08-26 04:59:00,5,0,5,0,0.1804,0.9695,9.14,420900.6,0.0,4,3
2026-08-26 04:49:00,9,1,5,3,0.0855,0.9869,10.74,793144.01,11.11,4,3
2026-08-26 04:39:00,8,1,3,4,0.1729,0.8738,6.92,789695.34,12.5,4,3
2026-08-26 04:29:00,19,0,4,15,0.1235,0.846,2.36,203851.23,0.0,4,3
2026-08-26 04:19:00,7,1,4,2,0.1787,0.8773,5.18,584795.43,14.29,4,3
2026-08-26 04:09:00,6,2,5,0,0.2034,0.8813,10.39,459044.76,33.33,4,3
2026-08-26 03:59:00,12,0,5,7,0.1341,0.845,4.37,464961.38,0.0,3,3
2026-08-26 03:49:00,18,2,3,13,0.1725,0.8533,3.35,743473.65,11.11,3,3
2026-08-26 03:39:00,10,0,2,8,0.109,0.8844,7.08,712918.28,0.0,3,3
2026-08-26 03:29:00,6,2,1,3,0.2074,0.8775,7.66,458133.03,33.33,3,3
2026-08-26 03:19:00,5,2,4,0,0.1169,0.8322,8.39,448157.7,40.0,3,3
2026-08-26 03:09:00,16,1,1,14,0.0902,0.7946,3.03,536640.61,6.25,3,3
2026-08-26 02:59:00,7,2,2,3,0.1094,0.7719,11.05,286262.06,28.57,2,3
2026-08-26 02:49:00,6,2,3,1,0.2143,0.9766,9.16,105151.16,33.33,2,3
2026-08-26 02:39:00,13,0,2,11,0.2126,0.7754,5.43,302429.4,0.0,2,3
2026-08-26 02:29:00,12,2,1,9,0.1773,0.8157,4.83,122287.1,16.67,2,3
2026-08-26 02:19:00,12,1,4,7,0.1405,0.7844,11.96,165986.03,8.33,2,3
2026-08-26 02:09:00,19,0,3,16,0.1076,0.7683,3.17,93819.29,0.0,2,3
2026-08-26 01:59:00,7,1,4,2,0.1713,0.771,5.96,514997.62,14.29,1,3
2026-08-26 01:49:00,8,1,2,5,0.1321,0.7672,3.38,423402.34,12.5,1,3
2026-08-26 01:39:00,19,0,3,16,0.2171,0.8515,1.74,308858.75,0.0,1,3
2026-08-26 01:29:00,5,2,2,1,0.082,0.7729,6.1,321729.97,40.0,1,3
2026-08-26 01:19:00,7,0,4,3,0.13,0.9544,3.62,480714.79,0.0,1,3
2026-08-26 01:09:00,13,2,1,10,0.1493,0.7866,2.69,539778.7,15.38,1,3
2026-08-26 00:59:00,8,0,5,3,0.2102,0.7603,7.41,488611.07,0.0,0,3
2026-08-26 00:49:00,14,0,2,12,0.1434,0.7711,9.24,227357.72,0.0,0,3
2026-08-26 00:39:00,7,2,3,2,0.2063,0.9412,11.88,571569.88,28.57,0,3
2026-08-26 00:29:00,15,0,4,11,0.1472,0.9672,6.78,334048.06,0.0,0,3
2026-08-26 00:19:00,14,2,2,10,0.0974,0.8443,4.47,727467.02,14.29,0,3
2026-08-26 00:09:00,12,1,2,9,0.195,0.8562,9.62,158225.54,8.33,0,3
2026-08-25 23:59:00,18,2,4,12,0.1164,0.808,3.9,343379.34,11.11,23,2
2026-08-25 23:49:00,6,1,4,1,0.2129,0.9106,7.2,408878.25,16.67,23,2
2026-08-25 23:39:00,17,1,2,14,0.121,0.9788,5.42,690062.46,5.88,23,2
2026-08-25 23:29:00,12,2,5,5,0.1785,0.7888,7.66,145021.7,16.67,23,2
2026-08-25 23:19:00,16,0,4,12,0.1773,0.9684,2.92,364286.27,0.0,23,2
2026-08-25 23:09:00,11,0,4,7,0.1388,0.792,1.14,375278.51,0.0,23,2
2026-08-25 22:59:00,14,1,3,10,0.1019,0.8582,5.12,269361.92,7.14,22,2
2026-08-25 22:49:00,9,1,4,4,0.1234,0.8796,11.6,481420.79,11.11,22,2
2026-08-25 22:39:00,14,0,1,13,0.1049,0.7742,9.75,718736.86,0.0,22,2
2026-08-25 22:29:00,11,0,1,10,0.1107,0.8276,7.72,547436.96,0.0,22,2
2026-08-25 22:19:00,15,1,3,11,0.1213,0.9081,7.35,294669.79,6.67,22,2
2026-08-25 22:09:00,9,2,5,2,0.0934,0.9209,9.32,782261.22,22.22,22,2
2026-08-25 21:59:00,12,1,2,9,0.1959,0.935,6.65,664285.9,8.33,21,2
2026-08-25 21:49:00,9,0,2,7,0.1625,0.9576,4.52,436839.99,0.0,21,2
2026-08-25 21:39:00,19,2,3,14,0.2042,0.8425,12.46,172052.48,10.53,21,2
2026-08-25 21:29:00,5,2,3,0,0.1471,0.9416,11.43,634911.5,40.0,21,2
2026-08-25 21:19:00,14,2,1,11,0.1514,0.8722,1.04,452436.64,14.29,21,2
2026-08-25 21:09:00,6,1,5,0,0.1793,0.941,5.37,473178.59,16.67,21,2
2026-08-25 20:59:00,16,6,1,9,0.1464,0.8113,1.17,602326.49,37.5,20,2
2026-08-25 20:49:00,46,4,3,39,0.1382,0.81,7.09,400421.43,8.7,20,2
2026-08-25 20:39:00,33,4,4,25,0.0809,0.9678,1.63,410739.8,12.12,20,2
2026-08-25 20:29:00,24,5,2,17,0.1533,0.8173,10.86,367087.87,20.83,20,2
2026-08-25 20:19:00,40,2,1,37,0.0827,0.847,7.08,417637.72,5.0,20,2
2026-08-25 20:09:00,50,3,5,42,0.179,0.989,4.25,681242.62,6.0,20,2
2026-08-25 19:59:00,37,2,2,33,0.218,0.907,11.32,630600.19,5.41,19,2
2026-08-25 19:49:00,45,5,1,39,0.1779,0.8662,11.55,695467.56,11.11,19,2
2026-08-25 19:39:00,19,5,5,9,0.0897,0.8684,1.75,628942.67,26.32,19,2
2026-08-25 19:29:00,54,2,3,49,0.197,0.8172,6.87,143983.75,3.7,19,2
2026-08-25 19:19:00,50,2,4,44,0.0943,0.7992,10.23,134651.62,4.0,19,2
2026-08-25 19:09:00,18,3,4,11,0.1845,0.9303,3.02,99299.2,16.67,19,2
2026-08-25 18:59:00,32,5,4,23,0.1779,0.8356,6.06,140787.95,15.62,18,2
2026-08-25 18:49:00,37,3,3,31,0.106,0.913,1.63,830715.67,8.11,18,2
2026-08-25 18:39:00,42,3,3,36,0.082,0.8303,2.59,224729.07,7.14,18,2
2026-08-25 18:29:00,37,3,5,29,0.1644,0.7923,7.31,254624.52,8.11,18,2
2026-08-25 18:19:00,54,6,4,44,0.1825,0.9355,1.59,187495.49,11.11,18,2
2026-08-25 18:09:00,34,2,2,30,0.2015,0.8789,8.47,676410.27,5.88,18,2
2026-08-25 17:59:00,48,7,1,40,0.1512,0.9223,3.88,733591.79,14.58,17,2
2026-08-25 17:49:00,27,4,1,22,0.1074,0.942,4.78,169866.27,14.81,17,2
2026-08-25 17:39:00,22,2,3,17,0.1985,0.767,1.16,422134.51,9.09,17,2
2026-08-25 17:29:00,35,5,5,25,0.1191,0.9802,11.19,276508.06,14.29,17,2
2026-08-25 17:19:00,47,5,5,37,0.1517,0.8515,10.34,684463.55,10.64,17,2
2026-08-25 17:09:00,16,6,4,6,0.2198,0.8648,10.24,739982.69,37.5,17,2
2026-08-25 16:59:00,23,2,5,16,0.1367,0.9556,4.18,610008.12,8.7,16,2
2026-08-25 16:49:00,53,2,1,50,0.1298,0.8977,2.32,767285.53,3.77,16,2
2026-08-25 16:39:00,21,7,5,9,0.1103,0.9886,7.88,117475.92,33.33,16,2
2026-08-25 16:29:00,25,7,1,17,0.0905,0.8916,10.27,372370.19,28.0,16,2
2026-08-25 16:19:00,32,3,1,28,0.1546,0.9151,6.32,621088.55,9.38,16,2
2026-08-25 16:09:00,22,5,5,12,0.129,0.7529,2.27,492811.35,22.73,16,2
2026-08-25 15:59:00,28,3,4,21,0.1678,0.8749,10.14,256871.9,10.71,15,2
2026-08-25 15:49:00,46,7,5,34,0.0804,0.8987,11.74,680287.96,15.22,15,2
2026-08-25 15:39:00,49,2,4,43,0.1954,0.8822,8.04,97132.27,4.08,15,2
2026-08-25 15:29:00,47,4,2,41,0.1571,0.7641,9.47,722045.61,8.51,15,2
2026-08-25 15:19:00,51,3,5,43,0.2116,0.7662,6.35,722200.82,5.88,15,2
2026-08-25 15:09:00,42,2,1,39,0.0826,0.756,6.78,699277.4,4.76,15,2
2026-08-25 14:59:00,20,7,1,12,0.1596,0.8062,9.34,809708.31,35.0,14,2
2026-08-25 14:49:00,54,2,4,48,0.2028,0.8747,10.54,196322.55,3.7,14,2
2026-08-25 14:39:00,17,7,4,6,0.0873,0.9642,8.89,811760.58,41.18,14,2
2026-08-25 14:29:00,35,5,2,28,0.1481,0.928,3.64,483479.06,14.29,14,2
2026-08-25 14:19:00,41,7,5,29,0.1843,0.7784,6.36,521016.63,17.07,14,2
2026-08-25 14:09:00,32,7,1,24,0.1405,0.8182,2.19,459633.55,21.88,14,2
2026-08-25 13:59:00,21,2,5,14,0.1038,0.9237,3.08,767028.08,9.52,13,2
2026-08-25 13:49:00,24,5,1,18,0.1531,0.8268,3.43,427282.22,20.83,13,2
2026-08-25 13:39:00,48,2,3,43,0.1225,0.787,9.23,515598.98,4.17,13,2
2026-08-25 13:29:00,36,7,2,27,0.1864,0.8745,8.44,337471.23,19.44,13,2
2026-08-25 13:19:00,32,5,4,23,0.1859,0.7877,9.91,688406.28,15.62,13,2
2026-08-25 13:09:00,46,3,4,39,0.0827,0.8156,6.28,526435.5,6.52,13,2
2026-08-25 12:59:00,51,5,3,43,0.2025,0.7892,5.14,91825.61,9.8,12,2
2026-08-25 12:49:00,43,4,4,35,0.1011,0.8117,9.87,477773.37,9.3,12,2
2026-08-25 12:39:00,15,7,2,6,0.1515,0.8232,2.91,540875.15,46.67,12,2
2026-08-25 12:29:00,24,2,2,20,0.1629,0.841,2.98,160483.79,8.33,12,2
2026-08-25 12:19:00,24,2,2,20,0.1231,0.9665,10.53,347603.01,8.33,12,2
2026-08-25 12:09:00,44,2,3,39,0.1594,0.9489,3.56,287109.99,4.55,12,2
2026-08-25 11:59:00,27,4,3,20,0.1241,0.9607,11.47,137708.28,14.81,11,2
2026-08-25 11:49:00,51,2,3,46,0.1334,0.8674,7.29,66207.01,3.92,11,2
2026-08-25 11:39:00,48,2,3,43,0.1715,0.9085,6.98,317418.73,4.17,11,2
2026-08-25 11:29:00,42,7,1,34,0.1618,0.7608,10.45,386729.36,16.67,11,2
2026-08-25 11:19:00,31,5,2,24,0.2157,0.792,2.57,182425.2,16.13,11,2
2026-08-25 11:09:00,29,3,4,22,0.2189,0.8065,11.4,272893.25,10.34,11,2
2026-08-25 10:59:00,40,2,1,37,0.1494,0.9071,7.07,240268.31,5.0,10,2
2026-08-25 10:49:00,40,2,5,33,0.2158,0.8602,8.24,682330.61,5.0,10,2
2026-08-25 10:39:00,24,6,2,16,0.1192,0.9362,2.11,280709.36,25.0,10,2
2026-08-25 10:29:00,45,7,3,35,0.1535,0.9541,12.45,135768.68,15.56,10,2
2026-08-25 10:19:00,25,2,1,22,0.147,0.8685,10.82,666447.44,8.0,10,2
2026-08-25 10:09:00,32,4,1,27,0.1437,0.8983,6.19,154516.2,12.5,10,2
2026-08-25 09:59:00,30,4,4,22,0.1063,0.9315,4.56,521189.83,13.33,9,2
2026-08-25 09:49:00,46,4,3,39,0.2028,0.7793,2.14,290255.74,8.7,9,2
2026-08-25 09:39:00,32,5,5,22,0.1868,0.8089,1.79,381039.85,15.62,9,2
2026-08-25 09:29:00,53,3,4,46,0.1991,0.926,7.33,629353.36,5.66,9,2
2026-08-25 09:19:00,42,7,5,30,0.1571,0.9349,4.51,573178.52,16.67,9,2
2026-08-25 09:09:00,49,3,3,43,0.1504,0.7716,8.59,742549.63,6.12,9,2
2026-08-25 08:59:00,20,6,1,13,0.0868,0.7571,12.38,444777.21,30.0,8,2
2026-08-25 08:49:00,20,4,2,14,0.1185,0.9852,3.75,630566.72,20.0,8,2
2026-08-25 08:39:00,26,4,2,20,0.1757,0.7504,8.71,250301.28,15.38,8,2
2026-08-25 08:29:00,21,2,4,15,0.1878,0.9238,1.09,612989.3,9.52,8,2
2026-08-25 08:19:00,54,5,5,44,0.1184,0.9452,2.68,578466.94,9.26,8,2
2026-08-25 08:09:00,54,3,4,47,0.0852,0.8829,7.54,292754.32,5.56,8,2
2026-08-25 07:59:00,18,0,5,13,0.131,0.9537,3.03,707099.31,0.0,7,2
2026-08-25 07:49:00,18,0,1,17,0.1485,0.7681,8.73,682481.19,0.0,7,2
2026-08-25 07:39:00,17,2,4,11,0.1741,0.9346,6.72,780189.52,11.76,7,2
2026-08-25 07:29:00,6,2,4,0,0.2037,0.8065,6.61,633855.14,33.33,7,2
2026-08-25 07:19:00,8,0,3,5,0.2169,0.8543,2.93,315171.11,0.0,7,2
2026-08-25 07:09:00,5,0,2,3,0.1672,0.9715,12.34,571359.01,0.0,7,2
2026-08-25 06:59:00,15,1,4,10,0.2,0.8023,2.04,828604.79,6.67,6,2
2026-08-25 06:49:00,7,0,5,2,0.1225,0.912,6.26,308502.56,0.0,6,2
2026-08-25 06:39:00,9,1,3,5,0.1569,0.8572,6.79,222285.73,11.11,6,2
2026-08-25 06:29:00,14,0,5,9,0.1694,0.9659,2.08,548280.77,0.0,6,2
2026-08-25 06:19:00,17,0,5,12,0.1073,0.8136,3.99,407759.17,0.0,6,2
2026-08-25 06:09:00,14,0,2,12,0.118,0.9056,1.42,322291.02,0.0,6,2
2026-08-25 05:59:00,15,0,1,14,0.1109,0.7982,0.81,429014.2,0.0,5,2
2026-08-25 05:49:00,11,0,1,10,0.1182,0.9888,11.55,222060.65,0.0,5,2
2026-08-25 05:39:00,9,2,5,2,0.1982,0.9426,2.28,149559.08,22.22,5,2
2026-08-25 05:29:00,14,1,3,10,0.2018,0.9617,2.06,509437.83,7.14,5,2
2026-08-25 05:19:00,7,1,2,4,0.2083,0.8591,1.77,513403.36,14.29,5,2
2026-08-25 05:09:00,6,2,3,1,0.1935,0.8317,11.04,268960.33,33.33,5,2
2026-08-25 04:59:00,7,2,3,2,0.0849,0.8175,8.52,163826.38,28.57,4,2
2026-08-25 04:49:00,5,0,1,4,0.0985,0.7686,11.03,805292.09,0.0,4,2
2026-08-25 04:39:00,5,2,2,1,0.1832,0.9893,4.87,278407.19,40.0,4,2
2026-08-25 04:29:00,9,2,3,4,0.1999,0.9249,6.32,245650.27,22.22,4,2
2026-08-25 04:19:00,15,1,4,10,0.136,0.9105,5.48,432794.75,6.67,4,2
2026-08-25 04:09:00,8,2,3,3,0.1886,0.9846,6.0,323852.0,25.0,4,2
2026-08-25 03:59:00,10,2,2,6,0.1216,0.7707,5.81,183885.82,20.0,3,2
2026-08-25 03:49:00,6,0,2,4,0.1911,0.809,7.96,770945.14,0.0,3,2
2026-08-25 03:39:00,13,1,1,11,0.1283,0.8917,6.73,168895.87,7.69,3,2
2026-08-25 03:29:00,11,0,3,8,0.156,0.8142,7.97,106128.08,0.0,3,2
2026-08-25 03:19:00,10,2,4,4,0.1163,0.8952,5.6,303168.11,20.0,3,2
2026-08-25 03:09:00,11,2,5,4,0.1281,0.8068,11.44,646755.48,18.18,3,2
2026-08-25 02:59:00,15,2,1,12,0.0984,0.9032,3.25,230510.39,13.33,2,2
2026-08-25 02:49:00,11,0,4,7,0.12,0.7672,1.23,404542.39,0.0,2,2
2026-08-25 02:39:00,14,1,2,11,0.0955,0.7972,7.0,341286.69,7.14,2,2
2026-08-25 02:29:00,7,2,3,2,0.2094,0.8808,5.66,841551.93,28.57,2,2
2026-08-25 02:19:00,5,1,5,0,0.1502,0.8709,11.59,455859.18,20.0,2,2
2026-08-25 02:09:00,7,2,3,2,0.1181,0.9081,7.46,221476.35,28.57,2,2
2026-08-25 01:59:00,15,1,1,13,0.1356,0.7511,6.02,54846.49,6.67,1,2
2026-08-25 01:49:00,16,1,1,14,0.1403,0.7697,4.03,574393.09,6.25,1,2
2026-08-25 01:39:00,9,1,4,4,0.2083,0.8905,12.11,744413.84,11.11,1,2
2026-08-25 01:29:00,7,2,2,3,0.1849,0.7828,8.81,442865.46,28.57,1,2
2026-08-25 01:19:00,5,2,4,0,0.2138,0.8258,2.92,200025.16,40.0,1,2
2026-08-25 01:09:00,11,0,3,8,0.198,0.9319,5.91,216981.51,0.0,1,2
2026-08-25 00:59:00,5,1,2,2,0.1941,0.9251,5.58,525762.14,20.0,0,2
2026-08-25 00:49:00,11,1,3,7,0.1611,0.8742,8.77,456167.07,9.09,0,2
2026-08-25 00:39:00,19,1,4,14,0.0822,0.8067,6.66,482457.48,5.26,0,2
2026-08-25 00:29:00,18,1,3,14,0.18,0.8159,8.58,613225.82,5.56,0,2
2026-08-25 00:19:00,11,2,2,7,0.105,0.8494,10.01,777178.4,18.18,0,2
2026-08-25 00:09:00,7,1,3,3,0.1219,0.9137,9.46,315770.22,14.29,0,2
2026-08-24 23:59:00,17,2,5,10,0.0815,0.7795,2.63,753143.23,11.76,23,1
2026-08-24 23:49:00,11,0,3,8,0.1185,0.853,5.42,291169.33,0.0,23,1
2026-08-24 23:39:00,7,1,1,5,0.0991,0.9361,3.16,635097.05,14.29,23,1
2026-08-24 23:29:00,6,1,5,0,0.0975,0.7708,11.91,420437.45,16.67,23,1
2026-08-24 23:19:00,14,2,4,8,0.119,0.8713,11.17,267151.53,14.29,23,1
2026-08-24 23:09:00,19,0,4,15,0.1727,0.7777,4.23,240291.23,0.0,23,1
2026-08-24 22:59:00,11,0,5,6,0.1407,0.8087,8.94,517576.88,0.0,22,1
2026-08-24 22:49:00,15,1,3,11,0.1576,0.8033,8.76,360000.43,6.67,22,1
2026-08-24 22:39:00,10,2,3,5,0.1636,0.8946,4.78,737880.05,20.0,22,1
2026-08-24 22:29:00,6,0,5,1,0.0953,0.9168,5.41,849771.88,0.0,22,1
2026-08-24 22:19:00,8,0,5,3,0.1419,0.8145,8.9,434726.49,0.0,22,1
2026-08-24 22:09:00,5,0,2,3,0.1509,0.9633,10.07,449063.14,0.0,22,1
2026-08-24 21:59:00,9,1,5,3,0.203,0.9204,7.49,753547.72,11.11,21,1
2026-08-24 21:49:00,12,0,1,11,0.1755,0.802,2.21,422486.81,0.0,21,1
2026-08-24 21:39:00,10,0,5,5,0.1254,0.9456,9.56,584339.1,0.0,21,1
2026-08-24 21:29:00,13,2,5,6,0.1371,0.8435,2.68,270609.66,15.38,21,1
2026-08-24 21:19:00,18,1,4,13,0.1278,0.8019,6.47,623332.3,5.56,21,1
2026-08-24 21:09:00,10,1,2,7,0.1861,0.9011,10.01,250727.7,10.0,21,1
2026-08-24 20:59:00,40,4,4,32,0.1309,0.9238,8.19,200288.58,10.0,20,1
2026-08-24 20:49:00,30,2,5,23,0.0875,0.8929,12.31,475203.79,6.67,20,1
2026-08-24 20:39:00,47,5,1,41,0.1896,0.9073,8.89,232248.92,10.64,20,1
2026-08-24 20:29:00,26,5,4,17,0.1133,0.9854,3.47,239347.2,19.23,20,1
2026-08-24 20:19:00,49,4,3,42,0.1305,0.9215,2.66,177257.4,8.16,20,1
2026-08-24 20:09:00,17,3,3,11,0.1141,0.8066,0.91,346359.67,17.65,20,1
2026-08-24 19:59:00,27,2,3,22,0.167,0.9004,1.63,303633.25,7.41,19,1
2026-08-24 19:49:00,42,2,5,35,0.1615,0.8489,6.24,216624.0,4.76,19,1
2026-08-24 19:39:00,47,6,2,39,0.2075,0.8037,4.44,178498.22,12.77,19,1
2026-08-24 19:29:00,24,7,2,15,0.1266,0.9019,3.02,785517.54,29.17,19,1
2026-08-24 19:19:00,19,3,3,13,0.1997,0.9189,4.96,526399.76,15.79,19,1
2026-08-24 19:09:00,27,2,2,23,0.1036,0.8631,4.93,542184.04,7.41,19,1
2026-08-24 18:59:00,23,4,3,16,0.1874,0.79,1.31,401669.9,17.39,18,1
2026-08-24 18:49:00,41,5,4,32,0.1711,0.9185,5.51,237956.44,12.2,18,1
2026-08-24 18:39:00,36,5,1,30,0.1817,0.7973,4.21,455235.82,13.89,18,1
2026-08-24 18:29:00,46,3,3,40,0.1641,0.855,11.56,721947.28,6.52,18,1
2026-08-24 18:19:00,50,5,3,42,0.1689,0.8962,5.89,307684.8,10.0,18,1
2026-08-24 18:09:00,44,5,3,36,0.0836,0.7518,10.76,87139.24,11.36,18,1
2026-08-24 17:59:00,35,6,2,27,0.1077,0.965,3.02,757611.99,17.14,17,1
2026-08-24 17:49:00,53,5,4,44,0.1137,0.7862,4.5,368360.45,9.43,17,1
2026-08-24 17:39:00,24,4,1,19,0.1122,0.9494,2.66,834195.7,16.67,17,1
2026-08-24 17:29:00,47,7,2,38,0.139,0.8841,2.21,703456.05,14.89,17,1
2026-08-24 17:19:00,25,5,1,19,0.1569,0.8946,1.45,184895.01,20.0,17,1
2026-08-24 17:09:00,43,5,1,37,0.1223,0.7848,11.59,460363.56,11.63,17,1
2026-08-24 16:59:00,39,7,1,31,0.1187,0.8708,4.24,324916.74,17.95,16,1
2026-08-24 16:49:00,24,4,3,17,0.1508,0.9862,3.41,440380.93,16.67,16,1
2026-08-24 16:39:00,20,4,1,15,0.1804,0.7919,7.6,383360.82,20.0,16,1
2026-08-24 16:29:00,29,4,1,24,0.2106,0.8493,9.97,383050.79,13.79,16,1
2026-08-24 16:19:00,52,6,5,41,0.1377,0.9321,4.82,341485.66,11.54,16,1
2026-08-24 16:09:00,19,3,5,11,0.1578,0.9155,8.33,712339.32,15.79,16,1
2026-08-24 15:59:00,49,7,2,40,0.1212,0.7555,7.99,710375.07,14.29,15,1
2026-08-24 15:49:00,23,5,3,15,0.1031,0.8191,6.77,719344.98,21.74,15,1
2026-08-24 15:39:00,21,4,3,14,0.1855,0.9747,2.17,791113.31,19.05,15,1
2026-08-24 15:29:00,22,5,4,13,0.1873,0.7629,6.72,548103.74,22.73,15,1
2026-08-24 15:19:00,27,5,1,21,0.1576,0.8826,1.29,401585.41,18.52,15,1
2026-08-24 15:09:00,19,4,2,13,0.2083,0.9844,4.31,190148.32,21.05,15,1
2026-08-24 14:59:00,23,5,2,16,0.2024,0.87,1.45,81908.48,21.74,14,1
2026-08-24 14:49:00,49,4,2,43,0.198,0.8992,7.39,305175.67,8.16,14,1
2026-08-24 14:39:00,52,6,2,44,0.1969,0.965,6.46,765431.42,11.54,14,1
2026-08-24 14:29:00,45,3,2,40,0.1722,0.7711,6.35,223865.44,6.67,14,1
2026-08-24 14:19:00,17,2,2,13,0.1255,0.8915,6.13,291415.44,11.76,14,1
2026-08-24 14:09:00,54,2,5,47,0.2115,0.7802,5.66,569077.55,3.7,14,1
2026-08-24 13:59:00,44,3,3,38,0.1845,0.7798,4.68,623146.54,6.82,13,1
2026-08-24 13:49:00,48,4,4,40,0.1972,0.7612,2.84,88795.67,8.33,13,1
2026-08-24 13:39:00,22,3,4,15,0.1506,0.8768,8.5,357929.96,13.64,13,1
2026-08-24 13:29:00,38,2,1,35,0.1743,0.763,10.93,68123.19,5.26,13,1
2026-08-24 13:19:00,36,6,3,27,0.1601,0.896,8.77,147927.08,16.67,13,1
2026-08-24 13:09:00,21,7,4,10,0.2032,0.9838,5.98,325603.88,33.33,13,1
2026-08-24 12:59:00,45,6,2,37,0.116,0.7913,2.79,417341.63,13.33,12,1
2026-08-24 12:49:00,29,5,1,23,0.0828,0.7625,11.68,108369.07,17.24,12,1
2026-08-24 12:39:00,17,6,5,6,0.1143,0.981,11.46,373794.6,35.29,12,1
2026-08-24 12:29:00,38,4,3,31,0.1325,0.7591,4.23,148138.78,10.53,12,1
2026-08-24 12:19:00,19,4,2,13,0.0938,0.7747,6.42,403825.89,21.05,12,1
2026-08-24 12:09:00,52,5,1,46,0.0806,0.7963,3.56,690198.75,9.62,12,1
2026-08-24 11:59:00,51,2,2,47,0.1367,0.921,8.13,197312.15,3.92,11,1
2026-08-24 11:49:00,30,4,1,25,0.1413,0.8856,2.42,284618.79,13.33,11,1
2026-08-24 11:39:00,27,2,5,20,0.1445,0.9067,6.76,211165.25,7.41,11,1
2026-08-24 11:29:00,36,3,1,32,0.1951,0.865,1.53,256497.2,8.33,11,1
2026-08-24 11:19:00,47,2,3,42,0.2026,0.8945,5.75,391308.0,4.26,11,1
2026-08-24 11:09:00,35,6,1,28,0.1711,0.8904,2.61,758530.34,17.14,11,1
2026-08-24 10:59:00,29,7,2,20,0.1259,0.9588,11.53,442318.73,24.14,10,1
2026-08-24 10:49:00,33,2,5,26,0.2025,0.9481,10.86,355500.33,6.06,10,1
2026-08-24 10:39:00,45,7,5,33,0.1808,0.7927,9.36,816073.95,15.56,10,1
2026-08-24 10:29:00,28,5,2,21,0.2181,0.8408,3.14,139828.98,17.86,10,1
2026-08-24 10:19:00,46,3,4,39,0.123,0.896,4.69,408686.21,6.52,10,1
2026-08-24 10:09:00,36,5,5,26,0.1735,0.933,7.63,843118.44,13.89,10,1
2026-08-24 09:59:00,24,5,2,17,0.093,0.883,7.98,630769.26,20.83,9,1
2026-08-24 09:49:00,36,3,2,31,0.0817,0.9017,12.48,285639.48,8.33,9,1
2026-08-24 09:39:00,22,7,5,10,0.1396,0.8102,4.86,560565.39,31.82,9,1
2026-08-24 09:29:00,42,3,2,37,0.1354,0.7596,11.54,375508.77,7.14,9,1
2026-08-24 09:19:00,28,6,3,19,0.1688,0.9573,1.28,166217.97,21.43,9,1
2026-08-24 09:09:00,36,2,1,33,0.1643,0.9711,5.92,325045.16,5.56,9,1
2026-08-24 08:59:00,45,5,2,38,0.1145,0.7886,4.99,670482.71,11.11,8,1
2026-08-24 08:49:00,28,6,4,18,0.1732,0.9491,4.04,321746.98,21.43,8,1
2026-08-24 08:39:00,16,6,4,6,0.1615,0.8215,1.61,628727.6,37.5,8,1
2026-08-24 08:29:00,45,7,4,34,0.1733,0.7989,11.48,652526.42,15.56,8,1
2026-08-24 08:19:00,41,5,4,32,0.2066,0.9728,7.77,383335.53,12.2,8,1
2026-08-24 08:09:00,41,5,2,34,0.1947,0.9047,1.7,163748.81,12.2,8,1
2026-08-24 07:59:00,18,2,3,13,0.2133,0.8527,9.97,712580.02,11.11,7,1
2026-08-24 07:49:00,5,2,2,1,0.1003,0.9893,1.15,527868.73,40.0,7,1
2026-08-24 07:39:00,14,0,3,11,0.1158,0.9232,3.33,713230.6,0.0,7,1
2026-08-24 07:29:00,8,2,2,4,0.1775,0.938,3.01,240389.19,25.0,7,1
2026-08-24 07:19:00,16,0,4,12,0.1067,0.8593,11.68,499502.27,0.0,7,1
2026-08-24 07:09:00,11,0,2,9,0.217,0.8613,5.87,379315.45,0.0,7,1
2026-08-24 06:59:00,9,0,2,7,0.1763,0.7598,8.78,210963.6,0.0,6,1
2026-08-24 06:49:00,14,0,2,12,0.1005,0.8827,9.33,333724.46,0.0,6,1
2026-08-24 06:39:00,7,0,4,3,0.1945,0.8142,9.86,314959.53,0.0,6,1
2026-08-24 06:29:00,13,0,1,12,0.1818,0.8625,1.17,817953.94,0.0,6,1
2026-08-24 06:19:00,7,1,1,5,0.1339,0.8675,9.99,54872.22,14.29,6,1
2026-08-24 06:09:00,18,1,5,12,0.1704,0.9782,10.36,792270.57,5.56,6,1
2026-08-24 05:59:00,14,0,1,13,0.142,0.9079,5.8,635338.23,0.0,5,1
2026-08-24 05:49:00,8,1,1,6,0.1962,0.799,11.84,174436.64,12.5,5,1
2026-08-24 05:39:00,6,0,2,4,0.1946,0.9273,12.04,266431.7,0.0,5,1
2026-08-24 05:29:00,8,2,5,1,0.1293,0.879,6.01,54680.02,25.0,5,1
2026-08-24 05:19:00,13,0,3,10,0.1044,0.9736,7.01,192596.8,0.0,5,1
2026-08-24 05:09:00,5,2,4,0,0.1069,0.7652,8.82,138555.91,40.0,5,1
2026-08-24 04:59:00,6,0,4,2,0.0877,0.9443,10.11,163114.74,0.0,4,1
2026-08-24 04:49:00,19,2,3,14,0.0935,0.9018,1.54,805584.69,10.53,4,1
2026-08-24 04:39:00,8,2,5,1,0.098,0.8003,6.08,508476.91,25.0,4,1
2026-08-24 04:29:00,14,2,5,7,0.0836,0.7501,4.9,342925.09,14.29,4,1
2026-08-24 04:19:00,18,0,2,16,0.2033,0.7844,5.62,646708.13,0.0,4,1
2026-08-24 04:09:00,12,2,2,8,0.1729,0.8069,4.58,738343.72,16.67,4,1
2026-08-24 03:59:00,8,1,5,2,0.1229,0.7556,3.78,186963.95,12.5,3,1
2026-08-24 03:49:00,14,2,3,9,0.0958,0.9003,11.04,340015.11,14.29,3,1
2026-08-24 03:39:00,7,0,3,4,0.19,0.892,1.98,479749.72,0.0,3,1
2026-08-24 03:29:00,6,1,3,2,0.1258,0.7764,12.28,190834.66,16.67,3,1
2026-08-24 03:19:00,7,1,3,3,0.1598,0.8565,3.72,393538.71,14.29,3,1
2026-08-24 03:09:00,11,0,4,7,0.1194,0.9697,4.38,208543.22,0.0,3,1
2026-08-24 02:59:00,19,0,5,14,0.128,0.9519,6.87,327402.0,0.0,2,1
2026-08-24 02:49:00,11,2,5,4,0.1853,0.8215,7.9,345512.18,18.18,2,1
2026-08-24 02:39:00,5,2,1,2,0.1569,0.8936,7.82,490513.17,40.0,2,1
2026-08-24 02:29:00,13,2,2,9,0.216,0.8992,8.65,413834.21,15.38,2,1
2026-08-24 02:19:00,9,2,5,2,0.129,0.7923,8.55,753203.11,22.22,2,1
2026-08-24 02:09:00,18,0,2,16,0.1266,0.9109,2.55,793549.94,0.0,2,1
2026-08-24 01:59:00,10,0,4,6,0.1045,0.9739,3.69,579815.04,0.0,1,1
2026-08-24 01:49:00,18,0,1,17,0.1072,0.961,2.53,65000.47,0.0,1,1
2026-08-24 01:39:00,12,2,2,8,0.1256,0.7808,12.29,591390.9,16.67,1,1
2026-08-24 01:29:00,8,2,5,1,0.1853,0.9176,5.3,309471.99,25.0,1,1
2026-08-24 01:19:00,15,2,4,9,0.2131,0.8865,4.25,441623.04,13.33,1,1
2026-08-24 01:09:00,19,2,4,13,0.1397,0.9399,7.64,57548.58,10.53,1,1
2026-08-24 00:59:00,13,2,2,9,0.2081,0.8493,7.52,429997.96,15.38,0,1
2026-08-24 00:49:00,19,1,3,15,0.0894,0.9653,11.45,488447.69,5.26,0,1
2026-08-24 00:39:00,13,1,1,11,0.1637,0.853,9.1,87699.93,7.69,0,1
2026-08-24 00:29:00,11,0,4,7,0.1202,0.9064,8.14,231473.19,0.0,0,1
2026-08-24 00:19:00,11,0,1,10,0.1648,0.7665,5.98,299417.17,0.0,0,1
2026-08-24 00:09:00,13,2,4,7,0.166,0.7525,7.91,637879.72,15.38,0,1
2026-08-23 23:59:00,16,1,1,14,0.1225,0.8511,2.9,386587.1,6.25,23,7
2026-08-23 23:49:00,7,0,1,6,0.0959,0.9105,3.87,619124.68,0.0,23,7
2026-08-23 23:39:00,5,1,1,3,0.1348,0.9413,9.97,350447.71,20.0,23,7
